{
    "times": [
        58855.0,
        58857.0,
        58859.0,
        58861.0,
        58855.0,
        58857.0,
        58859.0,
        58855.0,
        58857.0,
        58859.0,
        58861.0,
        58855.0,
        58857.0,
        58859.0,
        58861.0,
        58855.0,
        58857.0,
        58859.0,
        58861.0
    ],
    "magnitudes": {
        "ps1::r": [
            19.07795496192584,
            20.73883599175907,
            20.481122403360843,
            21.00931318636823
        ],
        "ps1::g": [
            19.014729610730164,
            19.930462117938717,
            22.362961720047508
        ],
        "ps1::z": [
            19.59787815565039,
            19.235148733446042,
            20.11442716264238,
            21.079668556623172
        ],
        "ps1::i": [
            19.30934205535671,
            19.974879242087273,
            21.184232860607793,
            21.27590291455059
        ],
        "ps1::y": [
            19.936578462049027,
            18.723320110967993,
            20.096393320482562,
            21.362157514542528
        ]
    },
    "parameters": {
        "log10_mej_dyn": -0.3586808072183032,
        "log10_mej_wind": -0.715139784579782,
        "luminosity_distance": 181.0320952311039,
        "inclination_EM": 0.09463839941725743,
        "v_ej_dyn": 0.2504749621322947,
        "v_ej_wind": 0.1364283340326555,
        "Ye_dyn": 0.16069729275803527,
        "Ye_wind": 0.37832904019221103,
        "redshift": 0.03966816081164884,
        "timeshift": 0
    }
}