{
    "times": [
        58856.0,
        58856.446464166664,
        58856.6944028588,
        58857.08066190972,
        58857.31612483796,
        58857.86592111111,
        58856.0,
        58856.446464166664,
        58856.6944028588,
        58857.08066190972,
        58857.31612483796,
        58857.86592111111,
        58858.23856819444,
        58858.33184857639,
        58858.635676273145,
        58859.22975881944,
        58859.20197043981,
        58859.65365828704,
        58859.89396064815,
        58860.518147222225,
        58860.706602881946,
        58860.95895613426,
        58861.448608125,
        58861.79385142361,
        58856.0,
        58856.446464166664,
        58856.6944028588,
        58857.08066190972,
        58857.31612483796,
        58857.86592111111,
        58858.23856819444,
        58858.33184857639,
        58858.635676273145,
        58859.22975881944,
        58859.20197043981,
        58859.65365828704,
        58859.89396064815,
        58860.518147222225,
        58860.706602881946,
        58860.95895613426,
        58861.448608125,
        58861.79385142361
    ],
    "magnitudes": {
        "ps1::r": [],
        "ps1::g": [],
        "ps1::z": [
            23.381674418481147,
            25.915484376429603,
            26.77709853248671,
            28.270055025288215,
            28.784244142384686,
            29.722666135907787
        ],
        "ps1::i": [
            25.084449321881632,
            27.89005646979656,
            28.813552545222795,
            30.86081783867607,
            31.841478783935504,
            33.11434631388626,
            33.76851698556406,
            33.753794766206994,
            34.03429643742643,
            34.006318220443056,
            34.55705582018317,
            34.672301173969345,
            34.49995957392198,
            34.241951539578295,
            34.01628920539378,
            34.2204889038767,
            34.2029725996156,
            33.67928343199212
        ],
        "ps1::y": [
            22.703248766363522,
            24.742196109230875,
            25.11682669107858,
            26.315293562704525,
            26.85492448991625,
            28.033560579639527,
            28.885759501734462,
            29.08730942427828,
            30.017287510737418,
            31.873622155922714,
            31.847662824607845,
            32.871212054919695,
            33.27210675794106,
            33.90884908127416,
            34.082106841151166,
            34.53500387171774,
            34.26257792845852,
            33.76846621967224
        ]
    },
    "parameters": {
        "log10_mej_dyn": -3.1440298059687626,
        "log10_mej_wind": -3.108098380842946,
        "luminosity_distance": 62.37716063629414,
        "inclination_EM": 1.4573824851496155,
        "v_ej_dyn": 0.17869769233820995,
        "v_ej_wind": 0.05278753397370351,
        "Ye_dyn": 0.2777523135029776,
        "Ye_wind": 0.3909948218922166,
        "redshift": 0.013929869637525455,
        "timeshift": 0
    }
}