log10_mej_dyn,log10_mej_wind,luminosity_distance,mass_1,mass_2,zeta,inclination_EM,v_ej_dyn,v_ej_wind,Ye_dyn,Ye_wind
-0.3586808072183032,-0.715139784579782,181.0320952311039,1.927069114234454,1.4493317115118736,0.4458332054083293,0.09463839941725743,0.2504749621322947,0.1364283340326555,0.16069729275803527,0.37832904019221103
