{
    "times": [
        58855.0,
        58857.0,
        58855.0,
        58857.0,
        58855.0,
        58857.0,
        58859.0,
        58861.0,
        58855.0,
        58857.0,
        58859.0,
        58861.0,
        58855.0,
        58857.0,
        58859.0,
        58861.0
    ],
    "magnitudes": {
        "ps1::r": [
            19.357310929781715,
            20.44879965663658
        ],
        "ps1::g": [
            19.224057572202675,
            21.741966157512913
        ],
        "ps1::z": [
            19.317890733186044,
            19.24747299157066,
            21.20818011058886,
            22.921462234190997
        ],
        "ps1::i": [
            19.55787808376334,
            19.989486015046246,
            21.902211002040282,
            23.90297133367111
        ],
        "ps1::y": [
            19.80764842180039,
            18.908840051761178,
            20.890751627398295,
            22.55076389627382
        ]
    },
    "parameters": {
        "log10_mej_dyn": -1.314609714631289,
        "log10_mej_wind": -1.0134247701304175,
        "luminosity_distance": 142.25658502702228,
        "inclination_EM": 0.4716295178480326,
        "v_ej_dyn": 0.24518570593394765,
        "v_ej_wind": 0.08968277190247799,
        "Ye_dyn": 0.20775611628744703,
        "Ye_wind": 0.2835921980869478,
        "redshift": 0.03136048477837662,
        "timeshift": 0
    }
}