{
    "times": [
        58856.0,
        58856.11293324074,
        58856.81185133102,
        58857.05281084491,
        58857.199297962965,
        58857.47279728009,
        58858.04185940972,
        58858.13869059028,
        58858.70517835648,
        58858.75892891204,
        58859.26831723379,
        58859.89778346065,
        58856.0,
        58856.0,
        58856.11293324074,
        58856.81185133102,
        58857.05281084491,
        58857.199297962965,
        58857.47279728009,
        58858.04185940972,
        58858.13869059028,
        58858.70517835648,
        58858.75892891204,
        58859.26831723379,
        58859.89778346065,
        58859.93825658565,
        58860.09881519676,
        58860.503609224535,
        58861.21145776621,
        58861.33450142361,
        58861.5415566088,
        58856.0,
        58856.11293324074,
        58856.81185133102,
        58857.05281084491,
        58857.199297962965,
        58857.47279728009,
        58858.04185940972,
        58858.13869059028,
        58858.70517835648,
        58858.75892891204,
        58859.26831723379,
        58859.89778346065,
        58859.93825658565,
        58860.09881519676,
        58860.503609224535,
        58861.21145776621,
        58861.33450142361,
        58861.5415566088,
        58856.0,
        58856.11293324074,
        58856.81185133102,
        58857.05281084491,
        58857.199297962965,
        58857.47279728009,
        58858.04185940972,
        58858.13869059028,
        58858.70517835648,
        58858.75892891204,
        58859.26831723379,
        58859.89778346065,
        58859.93825658565,
        58860.09881519676,
        58860.503609224535,
        58861.21145776621,
        58861.33450142361,
        58861.5415566088
    ],
    "magnitudes": {
        "ps1::r": [
            18.59810273991027,
            18.81762041715763,
            20.649956504853876,
            21.159297093239555,
            21.13064469133283,
            21.489117295115996,
            22.08228086838814,
            22.225062133047317,
            22.563117977752125,
            22.303820995634204,
            23.032371673004285,
            23.88091382087626
        ],
        "ps1::g": [
            19.294430291803536
        ],
        "ps1::z": [
            18.283177585786653,
            18.121409118011126,
            19.004919849494193,
            19.15376045683217,
            19.130803566723344,
            19.62962105435743,
            19.828061190327787,
            19.867456651277543,
            20.338964802414893,
            20.234202755649193,
            20.886698309179074,
            21.01998519000285,
            20.67576332388643,
            21.013327152424345,
            21.669028176193528,
            21.883428779344747,
            21.900007152454762,
            22.145937140781804
        ],
        "ps1::i": [
            18.03751558417013,
            18.472257177484792,
            19.489098143210306,
            20.085981095448076,
            20.130916211731268,
            20.593295612660828,
            21.273839790945328,
            21.14255383579739,
            21.782393530448335,
            21.713744636623826,
            22.217955190544316,
            22.506800301118638,
            22.647364145620287,
            22.8642098369666,
            22.87834787741407,
            23.865349399492292,
            23.72032624425274,
            23.767643803714662
        ],
        "ps1::y": [
            18.330361325171953,
            18.654898743561752,
            19.298003162752714,
            19.0410883644438,
            19.377142949539667,
            19.078238726684173,
            19.89201564872799,
            19.755698679194886,
            19.694160994896954,
            20.28750796503065,
            20.396179581490415,
            20.550877755626065,
            20.21631362793248,
            20.63130520796379,
            20.575242332614167,
            21.062511336955566,
            21.090162214314212,
            21.153916536698777
        ]
    },
    "parameters": {
        "log10_mej_dyn": -1.8829030399623805,
        "log10_mej_wind": -0.7862539367873287,
        "luminosity_distance": 70.13226267711048,
        "inclination_EM": 1.2563205553198689,
        "v_ej_dyn": 0.17737537828862315,
        "v_ej_wind": 0.058704693737017116,
        "Ye_dyn": 0.2618353584856765,
        "Ye_wind": 0.36495604072878174,
        "redshift": 0.01564162348349937,
        "timeshift": 0
    }
}