log10_mej_dyn,log10_mej_wind,luminosity_distance,mass_1,mass_2,zeta,inclination_EM,v_ej_dyn,v_ej_wind,Ye_dyn,Ye_wind
-1.314609714631289,-1.0134247701304175,142.25658502702228,1.380194114234454,1.2178502300303924,0.22617204949839517,0.4716295178480326,0.24518570593394765,0.08968277190247799,0.20775611628744703,0.2835921980869478
