log10_mej_dyn,log10_mej_wind,luminosity_distance,mass_1,mass_2,zeta,inclination_EM,v_ej_dyn,v_ej_wind,Ye_dyn,Ye_wind,KNphi,log10_Xlan,log10_vej
-1.8829030399623805,-0.7862539367873287,70.13226267711048,1.5506274927512784,1.1526985615098375,0.8228616570122794,1.2563205553198689,0.17737537828862315,0.058704693737017116,0.2618353584856765,0.36495604072878174,28.37318175842625,-2.3480155298414855,-1.1888632402071195
