{
    "times": [
        58856.0,
        58856.457757511576,
        58856.47513630787,
        58856.86606366898,
        58857.44944199074,
        58857.91476934028,
        58858.070390092595,
        58858.107650868056,
        58858.76277494213,
        58859.01475739583,
        58859.45495965278,
        58859.81673953704,
        58859.76451332176,
        58856.0,
        58856.0,
        58856.457757511576,
        58856.47513630787,
        58856.86606366898,
        58857.44944199074,
        58857.91476934028,
        58858.070390092595,
        58858.107650868056,
        58858.76277494213,
        58859.01475739583,
        58859.45495965278,
        58859.81673953704,
        58859.76451332176,
        58860.558946192126,
        58860.54736079861,
        58861.21741932871,
        58861.2735508912,
        58861.795038020835,
        58856.0,
        58856.457757511576,
        58856.47513630787,
        58856.86606366898,
        58857.44944199074,
        58857.91476934028,
        58858.070390092595,
        58858.107650868056,
        58858.76277494213,
        58859.01475739583,
        58859.45495965278,
        58859.81673953704,
        58859.76451332176,
        58860.558946192126,
        58860.54736079861,
        58861.21741932871,
        58861.2735508912,
        58861.795038020835,
        58856.0,
        58856.457757511576,
        58856.47513630787,
        58856.86606366898,
        58857.44944199074,
        58857.91476934028,
        58858.070390092595,
        58858.107650868056,
        58858.76277494213,
        58859.01475739583,
        58859.45495965278,
        58859.81673953704,
        58859.76451332176,
        58860.558946192126,
        58860.54736079861,
        58861.21741932871,
        58861.2735508912,
        58861.795038020835
    ],
    "magnitudes": {
        "ps1::r": [
            18.497005385349148,
            18.65497025618287,
            18.775154115964117,
            19.557046506607428,
            20.661011424927153,
            21.465713739431475,
            21.56044229361894,
            21.536087317032056,
            22.86568269010036,
            22.872716438580948,
            22.89462186597543,
            23.47687187373539,
            23.70778234634087
        ],
        "ps1::g": [
            19.24804267241091
        ],
        "ps1::z": [
            18.363623748635856,
            18.250753605111274,
            17.745381648757487,
            18.404166819556607,
            18.734984522510345,
            19.08300789046303,
            19.202261653952668,
            19.315367292880055,
            20.2056036067846,
            20.117712893103757,
            20.436326594290776,
            20.238250952448357,
            20.650766420469182,
            20.91450531180242,
            20.890874780246246,
            21.373249837980474,
            21.60762288563373,
            21.972512866377933
        ],
        "ps1::i": [
            17.973129214260897,
            18.190274284895704,
            18.514386913463547,
            18.471510470549497,
            19.350799601679253,
            19.94091295145409,
            20.393370157536353,
            20.339237978866855,
            21.269799648811293,
            21.225647535418755,
            21.61788214258185,
            21.616739771241157,
            21.594876969270008,
            22.38534917780286,
            22.043229451999142,
            22.92122494076415,
            22.426165365901056,
            23.401084387017846
        ],
        "ps1::y": [
            18.150114430079835,
            17.906511856689956,
            17.773319604267304,
            18.33017997648612,
            18.264441594712846,
            18.450871191068153,
            18.97587510326481,
            19.066620559324228,
            19.981471259649787,
            19.939168665308017,
            19.791542166920784,
            20.6373511574919,
            20.027217786009217,
            20.379860933443517,
            20.37869961870657,
            21.018408870468193,
            20.907118184189752,
            21.142187508226886
        ]
    },
    "parameters": {
        "log10_mej_dyn": -1.7196357285955466,
        "log10_mej_wind": -0.7101584158162704,
        "luminosity_distance": 75.11768541763524,
        "inclination_EM": 0.4018073535434453,
        "v_ej_dyn": 0.13638364275143308,
        "v_ej_wind": 0.12142658722814138,
        "Ye_dyn": 0.22100490865868694,
        "Ye_wind": 0.3062302789559285,
        "redshift": 0.01673976231524088,
        "timeshift": 0
    }
}