{
    "times": [
        58855.0,
        58857.0,
        58859.0,
        58861.0,
        58855.0,
        58857.0,
        58859.0,
        58855.0,
        58857.0,
        58859.0,
        58861.0,
        58855.0,
        58857.0,
        58859.0,
        58861.0,
        58855.0,
        58857.0,
        58859.0,
        58861.0
    ],
    "magnitudes": {
        "ps1::r": [
            18.813859625739564,
            20.518875287068603,
            21.373848010587043,
            23.446227514293884
        ],
        "ps1::g": [
            18.69093581267341,
            20.42105470096453,
            23.581715024379662
        ],
        "ps1::z": [
            19.45629614838956,
            18.95513734398271,
            20.886361733540124,
            22.81617238198025
        ],
        "ps1::i": [
            19.666270648637038,
            19.69248121089471,
            21.683441187282412,
            22.358587765054747
        ],
        "ps1::y": [
            19.46415682312548,
            18.751112792432888,
            20.027879432551565,
            21.33053699030208
        ]
    },
    "parameters": {
        "log10_mej_dyn": -1.5132616114104036,
        "log10_mej_wind": -0.4735780856178429,
        "luminosity_distance": 165.52189114947123,
        "inclination_EM": 0.7732224125926528,
        "v_ej_dyn": 0.22402868114055918,
        "v_ej_wind": 0.13879519793798095,
        "Ye_dyn": 0.292877223553883,
        "Ye_wind": 0.3960575720481667,
        "redshift": 0.036356660909305595,
        "timeshift": 0
    }
}