log10_mej_dyn,log10_mej_wind,luminosity_distance,mass_1,mass_2,zeta,inclination_EM,v_ej_dyn,v_ej_wind,Ye_dyn,Ye_wind,KNphi,log10_Xlan,log10_vej
-1.7196357285955466,-0.7101584158162704,75.11768541763524,1.8728931177512784,1.214426956571566,0.45284328381470673,0.4018073535434453,0.13638364275143308,0.12142658722814138,0.22100490865868694,0.3062302789559285,50.03669782647918,-8.350393651125671,-1.3969589738179418
