log10_mej_dyn,log10_mej_wind,luminosity_distance,mass_1,mass_2,zeta,inclination_EM,v_ej_dyn,v_ej_wind,Ye_dyn,Ye_wind
-1.5132616114104036,-0.4735780856178429,165.52189114947123,1.419256614234454,1.4030354152155773,0.8222211684156957,0.7732224125926528,0.22402868114055918,0.13879519793798095,0.292877223553883,0.3960575720481667
