{
    "times": [
        58855.0,
        58855.0,
        58855.0,
        58857.0,
        58859.0,
        58861.0,
        58855.0,
        58857.0,
        58859.0,
        58861.0,
        58855.0,
        58857.0,
        58859.0,
        58861.0
    ],
    "magnitudes": {
        "ps1::r": [
            19.887268848709123
        ],
        "ps1::g": [
            20.292007353771233
        ],
        "ps1::z": [
            19.47902605437814,
            21.044140682077675,
            24.750297285771175,
            27.29796225030115
        ],
        "ps1::i": [
            19.916804572622233,
            22.077948733142705,
            26.429278517799787,
            30.89229558736545
        ],
        "ps1::y": [
            19.608056015988588,
            20.6334953797251,
            23.48625799543415,
            25.794088051311405
        ]
    },
    "parameters": {
        "log10_mej_dyn": -2.4844516505225287,
        "log10_mej_wind": -1.7663245765031657,
        "luminosity_distance": 60.82801359845084,
        "inclination_EM": 1.4141073139249707,
        "v_ej_dyn": 0.27427661502485673,
        "v_ej_wind": 0.13583661805632413,
        "Ye_dyn": 0.2312855280521529,
        "Ye_wind": 0.35727640861326365,
        "redshift": 0.01358741328114376,
        "timeshift": 0
    }
}