{
    "times": [
        58856.0,
        58856.374669375,
        58856.77503590278,
        58857.23285734954,
        58857.47464446759,
        58857.55855583333,
        58857.84171133102,
        58858.45762061342,
        58858.59050300926,
        58858.7853387037,
        58856.0,
        58856.0,
        58856.374669375,
        58856.77503590278,
        58857.23285734954,
        58857.47464446759,
        58857.55855583333,
        58857.84171133102,
        58858.45762061342,
        58858.59050300926,
        58858.7853387037,
        58859.44054631944,
        58859.7610334375,
        58860.23083175926,
        58860.286295578706,
        58860.67332869213,
        58861.006808032405,
        58861.10436550926,
        58861.56647885417,
        58856.0,
        58856.374669375,
        58856.77503590278,
        58857.23285734954,
        58857.47464446759,
        58857.55855583333,
        58857.84171133102,
        58858.45762061342,
        58858.59050300926,
        58858.7853387037,
        58859.44054631944,
        58859.7610334375,
        58860.23083175926,
        58860.286295578706,
        58860.67332869213,
        58861.006808032405,
        58861.10436550926,
        58861.56647885417,
        58856.0,
        58856.374669375,
        58856.77503590278,
        58857.23285734954,
        58857.47464446759,
        58857.55855583333,
        58857.84171133102,
        58858.45762061342,
        58858.59050300926,
        58858.7853387037,
        58859.44054631944,
        58859.7610334375,
        58860.23083175926,
        58860.286295578706,
        58860.67332869213,
        58861.006808032405,
        58861.10436550926,
        58861.56647885417
    ],
    "magnitudes": {
        "ps1::r": [
            19.743820475601296,
            19.83656951785983,
            20.15737354211217,
            20.7263740090758,
            20.911094583224063,
            20.90412672651428,
            21.75881184185204,
            22.689664334876582,
            22.774279550335024,
            23.19838071362581
        ],
        "ps1::g": [
            19.71327941729236
        ],
        "ps1::z": [
            19.601857730069124,
            19.933242452637742,
            19.930071092655787,
            20.401922660604797,
            20.76181698672069,
            20.70980522525494,
            20.987634728229036,
            21.816662064745508,
            22.39344328704127,
            22.59284215337329,
            23.08358389024835,
            23.31950707520974,
            23.358975218817193,
            23.9410265147786,
            23.38368327006055,
            23.821499701172772,
            23.794453005810677,
            23.977124183155837
        ],
        "ps1::i": [
            19.195438018341527,
            20.234743500166353,
            20.37256845871459,
            20.95805606355859,
            21.51049445558191,
            21.39584917134599,
            21.501748510945852,
            22.67907355229139,
            22.63694441194825,
            22.95490692060134,
            23.33402577829409,
            22.927105582520525,
            23.092219886472165,
            23.661441525668653,
            23.791833515558995,
            24.069268402661322,
            24.508922323526214,
            24.352252875348356
        ],
        "ps1::y": [
            19.895753776256687,
            20.017878133071086,
            20.389061786949092,
            19.67196920874801,
            20.548287281482516,
            20.08917736544271,
            20.112982403092495,
            21.20675077105041,
            21.550288996299052,
            21.70640696286946,
            22.39183730729838,
            22.868500478178937,
            23.20329544373159,
            23.24246445725761,
            23.34861211308393,
            23.51597639226369,
            23.18455743619976,
            24.0045280503542
        ]
    },
    "parameters": {
        "log10_mej_dyn": -3.655350346315363,
        "log10_mej_wind": -0.8856017086678473,
        "luminosity_distance": 124.41797696282477,
        "inclination_EM": 0.18817905309933933,
        "v_ej_dyn": 0.20646628737953227,
        "v_ej_wind": 0.0817816168139402,
        "Ye_dyn": 0.3088941820150883,
        "Ye_wind": 0.3965349880972028,
        "redshift": 0.027505654930814943,
        "timeshift": 0
    }
}