log10_mej_dyn,log10_mej_wind,luminosity_distance,mass_1,mass_2,zeta,inclination_EM,v_ej_dyn,v_ej_wind,Ye_dyn,Ye_wind,KNphi,log10_Xlan,log10_vej
-3.655350346315363,-0.8856017086678473,124.41797696282477,1.0818774927512784,1.0138096726209487,0.3012787466672386,0.18817905309933933,0.20646628737953227,0.0817816168139402,0.3088941820150883,0.3965349880972028,49.24274697581755,-3.727325874669072,-0.8695084014974421
