log10_mej_dyn,log10_mej_wind,luminosity_distance,mass_1,mass_2,zeta,inclination_EM,v_ej_dyn,v_ej_wind,Ye_dyn,Ye_wind
-2.4844516505225287,-1.7663245765031657,60.82801359845084,1.067694114234454,2.0511835633637254,0.1975081208808282,1.4141073139249707,0.27427661502485673,0.13583661805632413,0.2312855280521529,0.35727640861326365
