{
    "times": [
        58855.0,
        58857.0,
        58859.0,
        58861.0,
        58855.0,
        58857.0,
        58859.0,
        58861.0,
        58855.0,
        58857.0,
        58859.0,
        58861.0,
        58855.0,
        58857.0,
        58859.0,
        58861.0,
        58855.0,
        58857.0,
        58859.0,
        58861.0
    ],
    "magnitudes": {
        "ps1::r": [
            14.351492931694825,
            15.070148370419119,
            14.85802509934038,
            17.198744173137413
        ],
        "ps1::g": [
            14.211480410846498,
            13.660073000594952,
            14.877829508730223,
            18.259766071768553
        ],
        "ps1::z": [
            14.951075619508952,
            14.40791301365351,
            15.38029730809912,
            16.403771349588176
        ],
        "ps1::i": [
            14.876840263771168,
            14.343309605414298,
            15.341481028476508,
            16.59664400084747
        ],
        "ps1::y": [
            15.37882841077758,
            14.804057260617451,
            15.610097623100973,
            15.790320568386374
        ]
    },
    "parameters": {
        "log10_mej_dyn": -0.7915114840400561,
        "log10_mej_wind": -0.47106834684626314,
        "luminosity_distance": 29.807605435185543,
        "inclination_EM": 0.34596581170444085,
        "v_ej_dyn": 0.2676650447769229,
        "v_ej_wind": 0.051812949417270895,
        "Ye_dyn": 0.2340536941421183,
        "Ye_wind": 0.30132072994290354,
        "redshift": 0.006693004988757458,
        "timeshift": 0
    }
}