{
    "times": [
        58856.0,
        58856.166938125,
        58856.45423594907,
        58856.7862972338,
        58857.1208508912,
        58856.0,
        58856.166938125,
        58856.45423594907,
        58856.7862972338,
        58857.1208508912,
        58857.66066119213,
        58857.99606585648,
        58858.56878107639,
        58858.82293459491,
        58859.032864155095,
        58859.11590784722,
        58859.78737326389,
        58860.20102446759,
        58860.39156159722,
        58860.55406350694,
        58860.76170246528,
        58861.29888793982,
        58861.8750590625,
        58856.0,
        58856.166938125,
        58856.45423594907,
        58856.7862972338,
        58857.1208508912,
        58857.66066119213,
        58857.99606585648,
        58858.56878107639,
        58858.82293459491,
        58859.032864155095,
        58859.11590784722,
        58859.78737326389,
        58860.20102446759,
        58860.39156159722,
        58860.55406350694,
        58860.76170246528,
        58861.29888793982,
        58861.8750590625,
        58856.0,
        58856.166938125,
        58856.45423594907,
        58856.7862972338,
        58857.1208508912,
        58857.66066119213,
        58857.99606585648,
        58858.56878107639,
        58858.82293459491,
        58859.032864155095,
        58859.11590784722,
        58859.78737326389,
        58860.20102446759,
        58860.39156159722,
        58860.55406350694,
        58860.76170246528,
        58861.29888793982,
        58861.8750590625
    ],
    "magnitudes": {
        "ps1::r": [
            20.91977478359287,
            21.412768254766355,
            22.28295100085353,
            22.715342717566234,
            23.563897014149738
        ],
        "ps1::g": [],
        "ps1::z": [
            20.01889141139506,
            20.29237958581629,
            20.7831899163498,
            21.368538297537214,
            21.94787510612317,
            23.005113107271264,
            24.06353724437413,
            24.703509543501497,
            25.268848703325027,
            25.189983616337685,
            25.125072378766994,
            26.190198548818508,
            26.175878524766986,
            26.10827216714121,
            26.658627567928356,
            26.675957739791137,
            27.1149714145465,
            27.525901530483402
        ],
        "ps1::i": [
            20.409484956531372,
            20.33712657479323,
            21.78854282604373,
            22.454344228807344,
            23.67716030914618,
            24.746014438012526,
            24.94222052802445,
            25.835671314716073,
            26.075858432284146,
            26.017482789632176,
            26.166517506120734,
            27.104068870164102,
            28.055711418289285,
            28.20103747044601,
            28.37131517796074,
            28.51644701861037,
            29.813515377380252,
            30.368734236552037
        ],
        "ps1::y": [
            19.93123274005688,
            20.47288267940216,
            20.47362123583392,
            21.259254943258362,
            21.303377547780034,
            22.37482224425664,
            23.158944529441477,
            23.991653680023276,
            24.67659917761132,
            24.708935344128673,
            24.86770357385207,
            25.19480200516304,
            25.76477323691639,
            25.78279145137987,
            25.859884186427784,
            26.241813678194042,
            26.437901388584415,
            26.62505654334392
        ]
    },
    "parameters": {
        "log10_mej_dyn": -2.0744281875477957,
        "log10_mej_wind": -1.3135156157049164,
        "luminosity_distance": 191.44421602988018,
        "inclination_EM": 0.9044621781178119,
        "v_ej_dyn": 0.2686150477101108,
        "v_ej_wind": 0.13858635054175084,
        "Ye_dyn": 0.2673716906656073,
        "Ye_wind": 0.390440805271718,
        "redshift": 0.04188270203044976,
        "timeshift": 0
    }
}