log10_mej_dyn,log10_mej_wind,luminosity_distance,mass_1,mass_2,zeta,inclination_EM,v_ej_dyn,v_ej_wind,Ye_dyn,Ye_wind,KNphi,log10_Xlan,log10_vej
-2.0744281875477957,-1.3135156157049164,191.44421602988018,1.6873462427512784,1.3070195491641585,0.14502247463722268,0.9044621781178119,0.2686150477101108,0.13858635054175084,0.2673716906656073,0.390440805271718,56.274883081677665,-3.3753639246096183,-1.0240349363569634
