log10_mej_dyn,log10_mej_wind,luminosity_distance,mass_1,mass_2,zeta,inclination_EM,v_ej_dyn,v_ej_wind,Ye_dyn,Ye_wind
-0.7915114840400561,-0.47106834684626314,29.807605435185543,1.497381614234454,1.5419243041044663,0.7828924750444625,0.34596581170444085,0.2676650447769229,0.051812949417270895,0.2340536941421183,0.30132072994290354
