{
    "times": [
        58855.0,
        58857.0,
        58859.0,
        58861.0,
        58855.0,
        58857.0,
        58859.0,
        58861.0,
        58855.0,
        58857.0,
        58859.0,
        58861.0,
        58855.0,
        58857.0,
        58859.0,
        58861.0,
        58855.0,
        58857.0,
        58859.0,
        58861.0
    ],
    "magnitudes": {
        "ps1::r": [
            17.058785289153658,
            18.38733262645586,
            20.917369052226107,
            21.56873424430968
        ],
        "ps1::g": [
            16.765959975422398,
            18.72871391449329,
            21.51223288537279,
            23.59087208971419
        ],
        "ps1::z": [
            17.68746110519935,
            17.35631701704836,
            18.85734357239447,
            20.062396258495998
        ],
        "ps1::i": [
            17.15759022471969,
            17.30123322912973,
            19.20852087542695,
            20.337160458279527
        ],
        "ps1::y": [
            17.369973642536927,
            16.9922857101206,
            19.05106577577982,
            19.288925315150756
        ]
    },
    "parameters": {
        "log10_mej_dyn": -1.9118098378126804,
        "log10_mej_wind": -0.5068153329499857,
        "luminosity_distance": 72.46066665967533,
        "inclination_EM": 0.722956930135216,
        "v_ej_dyn": 0.27956587122320387,
        "v_ej_wind": 0.09737507959478568,
        "Ye_dyn": 0.3136384692286235,
        "Ye_wind": 0.2414869349290531,
        "redshift": 0.01615472162393167,
        "timeshift": 0
    }
}