{
    "times": [
        58856.0,
        58856.211049537036,
        58856.54985178241,
        58856.76902114583,
        58857.385217627314,
        58857.42420961805,
        58857.85957681713,
        58858.4718766088,
        58858.488619895834,
        58859.233908483795,
        58859.35435703704,
        58856.0,
        58856.211049537036,
        58856.54985178241,
        58856.0,
        58856.211049537036,
        58856.54985178241,
        58856.76902114583,
        58857.385217627314,
        58857.42420961805,
        58857.85957681713,
        58858.4718766088,
        58858.488619895834,
        58859.233908483795,
        58859.35435703704,
        58859.783087222226,
        58859.80156627315,
        58860.296839953706,
        58860.6696709375,
        58861.23141571759,
        58861.4812265625,
        58861.47479381944,
        58856.0,
        58856.211049537036,
        58856.54985178241,
        58856.76902114583,
        58857.385217627314,
        58857.42420961805,
        58857.85957681713,
        58858.4718766088,
        58858.488619895834,
        58859.233908483795,
        58859.35435703704,
        58859.783087222226,
        58859.80156627315,
        58860.296839953706,
        58860.6696709375,
        58861.23141571759,
        58861.4812265625,
        58861.47479381944,
        58856.0,
        58856.211049537036,
        58856.54985178241,
        58856.76902114583,
        58857.385217627314,
        58857.42420961805,
        58857.85957681713,
        58858.4718766088,
        58858.488619895834,
        58859.233908483795,
        58859.35435703704,
        58859.783087222226,
        58859.80156627315,
        58860.296839953706,
        58860.6696709375,
        58861.23141571759,
        58861.4812265625,
        58861.47479381944
    ],
    "magnitudes": {
        "ps1::r": [
            16.614482201990768,
            16.583323024814717,
            17.269748874815626,
            18.087850293484344,
            19.697938272535655,
            19.74715439202729,
            21.07630498722269,
            22.496407118264855,
            22.26041866685366,
            23.391078399934838,
            23.925786430655755
        ],
        "ps1::g": [
            17.874374135250253,
            17.892765283446913,
            19.44299417251312
        ],
        "ps1::z": [
            15.470268611332243,
            15.511099001130322,
            15.233436678361695,
            15.51682206587613,
            16.753090716556585,
            16.63131305864291,
            17.13052490371978,
            17.826367062450146,
            18.23978952974818,
            18.66795255256182,
            18.715420681979474,
            19.15056419256873,
            19.26845684070842,
            19.45555912652008,
            20.117581965188947,
            20.608744908382306,
            20.72713700155193,
            20.627130077237027
        ],
        "ps1::i": [
            15.59904796268938,
            16.01141204406931,
            16.19364532116783,
            16.586228209112093,
            17.774079449103862,
            17.505578597060797,
            18.882247297418054,
            19.460194367429228,
            19.760047567390444,
            20.782531608092533,
            20.60151606745633,
            21.666114697897378,
            21.398191150620704,
            21.97214047910375,
            22.497117862065124,
            22.978475569929063,
            23.245177480929986,
            22.981609222662158
        ],
        "ps1::y": [
            15.10363034414535,
            15.433818435414645,
            15.179546918083064,
            15.826332523032661,
            16.061629491565032,
            16.341499195498557,
            16.742321694750732,
            17.217155856693044,
            17.153711508664024,
            17.765915916645618,
            18.08588345863341,
            17.920307295855544,
            18.204091049147678,
            18.450241933030547,
            18.372641482606085,
            19.416950045893145,
            19.45832739908941,
            19.36464659810966
        ]
    },
    "parameters": {
        "log10_mej_dyn": -1.7665052691808463,
        "log10_mej_wind": -1.2744520656064071,
        "luminosity_distance": 11.968997370988038,
        "inclination_EM": 1.5202143382214115,
        "v_ej_dyn": 0.1932431468836645,
        "v_ej_wind": 0.14509522628139582,
        "Ye_dyn": 0.17740629274173192,
        "Ye_wind": 0.3372552097038509,
        "redshift": 0.0026957112413038067,
        "timeshift": 0
    }
}