log10_mej_dyn,log10_mej_wind,luminosity_distance,mass_1,mass_2,zeta,inclination_EM,v_ej_dyn,v_ej_wind,Ye_dyn,Ye_wind,KNphi,log10_Xlan,log10_vej
-1.7665052691808463,-1.2744520656064071,11.968997370988038,1.7264087427512784,1.1835627590407016,0.7319488960017089,1.5202143382214115,0.1932431468836645,0.14509522628139582,0.17740629274173192,0.3372552097038509,44.4790418718478,-8.065019097023411,-0.7685510653892215
