log10_mej_dyn,log10_mej_wind,luminosity_distance,mass_1,mass_2,zeta,inclination_EM,v_ej_dyn,v_ej_wind,Ye_dyn,Ye_wind
-1.9118098378126804,-0.5068153329499857,72.46066665967533,2.0833191142344543,1.171553933734096,0.8090885224693467,0.722956930135216,0.27956587122320387,0.09737507959478568,0.3136384692286235,0.2414869349290531
