{
    "times": [
        58855.0,
        58857.0,
        58855.0,
        58855.0,
        58857.0,
        58859.0,
        58861.0,
        58855.0,
        58857.0,
        58859.0,
        58861.0,
        58855.0,
        58857.0,
        58859.0,
        58861.0
    ],
    "magnitudes": {
        "ps1::r": [
            19.229799327813957,
            23.514687746944688
        ],
        "ps1::g": [
            19.54752422126535
        ],
        "ps1::z": [
            18.683124493196885,
            20.78834260993306,
            23.383004933573893,
            24.564494465215432
        ],
        "ps1::i": [
            19.15167026709502,
            21.98440828780191,
            24.53156090635497,
            26.314920725467914
        ],
        "ps1::y": [
            19.717769960404606,
            20.350225366955943,
            22.2319773254848,
            23.725218836856072
        ]
    },
    "parameters": {
        "log10_mej_dyn": -1.8636152000986888,
        "log10_mej_wind": -1.4971722465925845,
        "luminosity_distance": 87.97087074130799,
        "inclination_EM": 1.0999480485659914,
        "v_ej_dyn": 0.23064025138849306,
        "v_ej_wind": 0.12045200267170875,
        "Ye_dyn": 0.2665796456992117,
        "Ye_wind": 0.25201325071852676,
        "redshift": 0.019562807263576048,
        "timeshift": 0
    }
}