{
    "times": [
        58856.0,
        58856.268635949076,
        58856.51469298611,
        58856.97016719908,
        58857.29814225694,
        58856.0,
        58856.268635949076,
        58856.51469298611,
        58856.97016719908,
        58857.29814225694,
        58857.91012435185,
        58857.90070042824,
        58858.42345449074,
        58858.68616034722,
        58859.03991561342,
        58859.55952857639,
        58859.51731880787,
        58860.03245888889,
        58860.16381445602,
        58860.76544811342,
        58861.064431412036,
        58861.15886891204,
        58861.80937704861,
        58856.0,
        58856.268635949076,
        58856.51469298611,
        58856.97016719908,
        58857.29814225694,
        58857.91012435185,
        58857.90070042824,
        58858.42345449074,
        58858.68616034722,
        58859.03991561342,
        58859.55952857639,
        58859.51731880787,
        58860.03245888889,
        58860.16381445602,
        58860.76544811342,
        58861.064431412036,
        58861.15886891204,
        58861.80937704861,
        58856.0,
        58856.268635949076,
        58856.51469298611,
        58856.97016719908,
        58857.29814225694,
        58857.91012435185,
        58857.90070042824,
        58858.42345449074,
        58858.68616034722,
        58859.03991561342,
        58859.55952857639,
        58859.51731880787,
        58860.03245888889,
        58860.16381445602,
        58860.76544811342,
        58861.064431412036,
        58861.15886891204,
        58861.80937704861
    ],
    "magnitudes": {
        "ps1::r": [
            20.39339878862757,
            21.422007397003533,
            21.774674287920107,
            22.372428180864286,
            23.178050435589256
        ],
        "ps1::g": [],
        "ps1::z": [
            19.960475089882454,
            20.242560542197154,
            20.281227628968317,
            20.706950241065858,
            21.335285589742483,
            21.93876821450475,
            22.088686609115143,
            22.76292990382869,
            23.004266133216134,
            23.233768132295523,
            23.625522906724314,
            23.54663425363627,
            23.927406803139853,
            24.556013198285463,
            24.56903978162267,
            24.332158303983157,
            25.29364093275839,
            25.106768644681804
        ],
        "ps1::i": [
            20.11405811984492,
            20.47857249891824,
            20.6897978786523,
            21.439296596752328,
            22.09417630972277,
            22.53400358450548,
            22.87708599588371,
            23.29932681382064,
            23.78771812635285,
            23.864790120157636,
            24.77724572006069,
            24.651023369061328,
            25.443463869243818,
            25.792886935949795,
            26.261880805007152,
            26.318390153028336,
            26.455197844687326,
            27.373488354043435
        ],
        "ps1::y": [
            19.848289774662867,
            20.17230264706475,
            20.21706386797254,
            20.677221378905358,
            20.811356457156947,
            21.769725371400725,
            21.225660266944256,
            21.886183217974207,
            22.010811917395117,
            22.53659784943027,
            22.68440627187394,
            22.944691668319958,
            23.33072368492476,
            23.505146708858184,
            23.581771654871204,
            23.854908469869493,
            24.268272078682287,
            24.653536880684065
        ]
    },
    "parameters": {
        "log10_mej_dyn": -1.5806466529614418,
        "log10_mej_wind": -1.3586915214358877,
        "luminosity_distance": 182.58124226894722,
        "inclination_EM": 0.1253472000275435,
        "v_ej_dyn": 0.25935884936300335,
        "v_ej_wind": 0.09302422036423605,
        "Ye_dyn": 0.25007065260332356,
        "Ye_wind": 0.2386402512550975,
        "redshift": 0.0399980765832791,
        "timeshift": 0
    }
}