log10_mej_dyn,log10_mej_wind,luminosity_distance,mass_1,mass_2,zeta,inclination_EM,v_ej_dyn,v_ej_wind,Ye_dyn,Ye_wind,KNphi,log10_Xlan,log10_vej
-1.5806466529614418,-1.3586915214358877,182.58124226894722,2.0975024927512784,1.1989948578061338,0.10131394005902819,0.1253472000275435,0.25935884936300335,0.09302422036423605,0.25007065260332356,0.2386402512550975,33.59057306277408,-3.175601736738037,-0.5820890466587324
