log10_mej_dyn,log10_mej_wind,luminosity_distance,mass_1,mass_2,zeta,inclination_EM,v_ej_dyn,v_ej_wind,Ye_dyn,Ye_wind
-1.8636152000986888,-1.4971722465925845,87.97087074130799,1.223944114234454,1.4956280078081698,0.11428654614201568,1.0999480485659914,0.23064025138849306,0.12045200267170875,0.2665796456992117,0.25201325071852676
