{
    "times": [
        58856.0,
        58856.487269861114,
        58856.73910806713,
        58857.09104969908,
        58857.47655950231,
        58857.53982491898,
        58857.80735148148,
        58858.13002314815,
        58858.81413608796,
        58856.0,
        58856.487269861114,
        58856.73910806713,
        58857.09104969908,
        58857.47655950231,
        58857.53982491898,
        58857.80735148148,
        58858.13002314815,
        58858.81413608796,
        58859.14633628472,
        58859.15916876157,
        58859.87464490741,
        58859.87746457176,
        58860.49465412037,
        58860.683674513886,
        58861.162563391204,
        58861.25700975695,
        58861.671557430556,
        58856.0,
        58856.487269861114,
        58856.73910806713,
        58857.09104969908,
        58857.47655950231,
        58857.53982491898,
        58857.80735148148,
        58858.13002314815,
        58858.81413608796,
        58859.14633628472,
        58859.15916876157,
        58859.87464490741,
        58859.87746457176,
        58860.49465412037,
        58860.683674513886,
        58861.162563391204,
        58861.25700975695,
        58861.671557430556,
        58856.0,
        58856.487269861114,
        58856.73910806713,
        58857.09104969908,
        58857.47655950231,
        58857.53982491898,
        58857.80735148148,
        58858.13002314815,
        58858.81413608796,
        58859.14633628472,
        58859.15916876157,
        58859.87464490741,
        58859.87746457176,
        58860.49465412037,
        58860.683674513886,
        58861.162563391204,
        58861.25700975695,
        58861.671557430556
    ],
    "magnitudes": {
        "ps1::r": [
            19.760128454201634,
            20.387551851885874,
            21.0292189773998,
            21.745182406401455,
            21.831067003190874,
            21.845590973225104,
            22.424709796822913,
            22.829322640228987,
            23.80080371137163
        ],
        "ps1::g": [],
        "ps1::z": [
            19.95231663936625,
            20.199944739037477,
            20.019118037789283,
            20.701993168220888,
            20.231102310154057,
            20.6569827399167,
            20.687520083117956,
            21.216759661330002,
            21.380205041013028,
            21.7282298847947,
            21.9938204380256,
            22.223223204143913,
            22.492376889256832,
            22.733582859945948,
            23.579442238438133,
            23.696023764319637,
            23.417733258203683,
            23.720928668660406
        ],
        "ps1::i": [
            19.806191501037624,
            20.0698637496152,
            20.44239073870801,
            21.129517176318892,
            20.78137344312392,
            21.41653920433795,
            21.774025942974568,
            22.274692947918307,
            22.557849520163796,
            23.282106164189358,
            22.876399344784616,
            23.652358370850166,
            23.58231158029463,
            24.0107401247178,
            24.63239577902183,
            25.070853040069583,
            25.05543961363137,
            25.204353944025804
        ],
        "ps1::y": [
            19.460941651932647,
            20.089069143894314,
            20.217212633019933,
            20.396317329233902,
            20.42229418440607,
            20.139567171144552,
            20.384786402035473,
            20.754270973619086,
            21.190065288514198,
            21.246667156239518,
            20.95415022455547,
            21.83569354501843,
            21.725497295492048,
            22.115883609813142,
            22.090863506818266,
            22.392082974664994,
            22.81907145696178,
            23.043740514117776
        ]
    },
    "parameters": {
        "log10_mej_dyn": -2.203351671400744,
        "log10_mej_wind": -0.7161284508943284,
        "luminosity_distance": 170.94858920772273,
        "inclination_EM": 0.5149046890726778,
        "v_ej_dyn": 0.1641522377927554,
        "v_ej_wind": 0.08651534462459108,
        "Ye_dyn": 0.17186996056180112,
        "Ye_wind": 0.36994219031326925,
        "redshift": 0.03751702155987593,
        "timeshift": 0
    }
}