{
    "times": [
        58855.0,
        58857.0,
        58859.0,
        58855.0,
        58857.0,
        58855.0,
        58857.0,
        58859.0,
        58861.0,
        58855.0,
        58857.0,
        58859.0,
        58861.0,
        58855.0,
        58857.0,
        58859.0,
        58861.0
    ],
    "magnitudes": {
        "ps1::r": [
            18.894970301300074,
            19.384089770350524,
            22.736206840887487
        ],
        "ps1::g": [
            19.119557472621906,
            20.372649520355125
        ],
        "ps1::z": [
            19.41356425223042,
            18.618499801676347,
            20.397671900686184,
            22.13326490676413
        ],
        "ps1::i": [
            18.94829551787194,
            18.712186747221722,
            20.713487763125343,
            22.63995817554968
        ],
        "ps1::y": [
            19.32185986858442,
            18.50428930982423,
            19.750353266234967,
            20.9722691064942
        ]
    },
    "parameters": {
        "log10_mej_dyn": -1.2837535335549906,
        "log10_mej_wind": -0.5135083707496665,
        "luminosity_distance": 134.50148298620593,
        "inclination_EM": 0.8486206362788079,
        "v_ej_dyn": 0.22138405304138561,
        "v_ej_wind": 0.11335141095573242,
        "Ye_dyn": 0.21952082216979998,
        "Ye_wind": 0.32569746124484256,
        "redshift": 0.029687240620973162,
        "timeshift": 0
    }
}