log10_mej_dyn,log10_mej_wind,luminosity_distance,mass_1,mass_2,zeta,inclination_EM,v_ej_dyn,v_ej_wind,Ye_dyn,Ye_wind,KNphi,log10_Xlan,log10_vej
-2.203351671400744,-0.7161284508943284,170.94858920772273,2.1951587427512784,1.3687479442258867,0.44801909054575206,0.5149046890726778,0.1641522377927554,0.08651534462459108,0.17186996056180112,0.36994219031326925,57.52252013271736,-8.892605303919963,-0.832422033131157
