log10_mej_dyn,log10_mej_wind,luminosity_distance,mass_1,mass_2,zeta,inclination_EM,v_ej_dyn,v_ej_wind,Ye_dyn,Ye_wind
-1.2837535335549906,-0.5135083707496665,134.50148298620593,1.028631614234454,1.7271094892896515,0.7483772940798954,0.8486206362788079,0.22138405304138561,0.11335141095573242,0.21952082216979998,0.32569746124484256
