{
    "times": [
        58856.0,
        58856.560477534724,
        58856.64020069444,
        58856.80221458333,
        58857.33765579861,
        58857.860457835646,
        58857.952729641205,
        58856.0,
        58856.0,
        58856.560477534724,
        58856.64020069444,
        58856.80221458333,
        58857.33765579861,
        58857.860457835646,
        58857.952729641205,
        58858.293546967594,
        58858.72107523148,
        58859.09808101852,
        58859.146617314815,
        58859.67641998843,
        58859.77327533565,
        58860.24204390046,
        58860.81518337963,
        58861.1563034375,
        58861.29471023148,
        58861.786612407406,
        58856.0,
        58856.560477534724,
        58856.64020069444,
        58856.80221458333,
        58857.33765579861,
        58857.860457835646,
        58857.952729641205,
        58858.293546967594,
        58858.72107523148,
        58859.09808101852,
        58859.146617314815,
        58859.67641998843,
        58859.77327533565,
        58860.24204390046,
        58860.81518337963,
        58861.1563034375,
        58861.29471023148,
        58861.786612407406,
        58856.0,
        58856.560477534724,
        58856.64020069444,
        58856.80221458333,
        58857.33765579861,
        58857.860457835646,
        58857.952729641205,
        58858.293546967594,
        58858.72107523148,
        58859.09808101852,
        58859.146617314815,
        58859.67641998843,
        58859.77327533565,
        58860.24204390046,
        58860.81518337963,
        58861.1563034375,
        58861.29471023148,
        58861.786612407406
    ],
    "magnitudes": {
        "ps1::r": [
            19.070065150605892,
            19.72857337502508,
            20.584233174972645,
            21.332941922114273,
            22.279421459098593,
            23.392934235972312,
            23.842484142118956
        ],
        "ps1::g": [
            19.65093805118751
        ],
        "ps1::z": [
            18.97412051274654,
            19.0384551189192,
            19.414197686589077,
            19.443597903182617,
            20.202219761108648,
            20.46245951299108,
            20.887658611510325,
            21.876393804025657,
            21.859089186881917,
            22.702322329544714,
            22.53587462320246,
            23.218646426312347,
            23.102318272141467,
            23.57089654995812,
            24.322914810521624,
            24.15604003165336,
            24.8334112483345,
            25.287445549897438
        ],
        "ps1::i": [
            18.855308830393895,
            19.462589706583145,
            19.93263203263176,
            19.86388369350469,
            20.96750121339104,
            21.78823498829341,
            21.99078500150401,
            22.69612810821662,
            23.060612065105595,
            23.890342868265428,
            23.50194129211535,
            24.568364508123036,
            24.463774045303055,
            25.482196626008555,
            26.056248383613838,
            26.6658504434051,
            26.578791718577996,
            27.48132956493831
        ],
        "ps1::y": [
            18.59611860447112,
            18.95445209662021,
            18.824284775447133,
            19.139937348180585,
            19.635350586562517,
            20.182169891026106,
            20.500898540656976,
            20.65050007890833,
            21.36508866812777,
            21.419262652568193,
            21.767697606630676,
            22.30137492919286,
            22.271205081117383,
            22.33308695340009,
            22.971837912377985,
            23.152791946284506,
            23.32215968842886,
            23.6046305222402
        ]
    },
    "parameters": {
        "log10_mej_dyn": -1.8319074983607753,
        "log10_mej_wind": -1.4268992480686369,
        "luminosity_distance": 42.98940553425334,
        "inclination_EM": 1.4448161145352563,
        "v_ej_dyn": 0.14828446919771407,
        "v_ej_wind": 0.0740893091216325,
        "Ye_dyn": 0.21477653495626478,
        "Ye_wind": 0.38600867230772906,
        "redshift": 0.009631392007178148,
        "timeshift": 0
    }
}