{
    "times": [
        58855.0,
        58857.0,
        58859.0,
        58861.0,
        58855.0,
        58857.0,
        58859.0,
        58861.0,
        58855.0,
        58857.0,
        58859.0,
        58861.0,
        58855.0,
        58857.0,
        58859.0,
        58861.0,
        58855.0,
        58857.0,
        58859.0,
        58861.0
    ],
    "magnitudes": {
        "ps1::r": [
            15.539356941468487,
            15.512722498336856,
            15.605690310299888,
            17.09427951790623
        ],
        "ps1::g": [
            15.857841068025618,
            14.98605352094232,
            16.37258802109984,
            18.348906708097516
        ],
        "ps1::z": [
            15.997432320336983,
            14.843419943330442,
            14.853631413118102,
            16.097647062320508
        ],
        "ps1::i": [
            16.032908182359435,
            14.874713916413985,
            15.739541571238814,
            17.073369424662843
        ],
        "ps1::y": [
            16.17658694489849,
            15.287372518513791,
            15.054174393475463,
            15.571865685097212
        ]
    },
    "parameters": {
        "log10_mej_dyn": -1.28103851831189,
        "log10_mej_wind": -0.4377130861553738,
        "luminosity_distance": 33.685156455593706,
        "inclination_EM": 0.7857887832070122,
        "v_ej_dyn": 0.15791297866122034,
        "v_ej_wind": 0.06660584882555493,
        "Ye_dyn": 0.3489325868756823,
        "Ye_wind": 0.3362237770343163,
        "redshift": 0.007558706091287888,
        "timeshift": 0
    }
}