log10_mej_dyn,log10_mej_wind,luminosity_distance,mass_1,mass_2,zeta,inclination_EM,v_ej_dyn,v_ej_wind,Ye_dyn,Ye_wind
-1.28103851831189,-0.4377130861553738,33.685156455593706,1.692694114234454,1.634516896697059,0.8693046088781803,0.7857887832070122,0.15791297866122034,0.06660584882555493,0.3489325868756823,0.3362237770343163
