log10_mej_dyn,log10_mej_wind,luminosity_distance,mass_1,mass_2,zeta,inclination_EM,v_ej_dyn,v_ej_wind,Ye_dyn,Ye_wind,KNphi,log10_Xlan,log10_vej
-1.8319074983607753,-1.4268992480686369,42.98940553425334,2.0193774927512784,1.2915874503987264,0.7853393033607783,1.4448161145352563,0.14828446919771407,0.0740893091216325,0.21477653495626478,0.38600867230772906,62.286225236687116,-7.589394840186313,-0.9333793692393776
