{
    "times": [
        58856.0,
        58856.2335734375,
        58856.53993190972,
        58857.240293449075,
        58857.351569398146,
        58857.70959005787,
        58857.92717657407,
        58858.558906956016,
        58858.584705416666,
        58858.82376699074,
        58859.1395996412,
        58859.874808912034,
        58856.0,
        58856.2335734375,
        58856.53993190972,
        58856.0,
        58856.2335734375,
        58856.53993190972,
        58857.240293449075,
        58857.351569398146,
        58857.70959005787,
        58857.92717657407,
        58858.558906956016,
        58858.584705416666,
        58858.82376699074,
        58859.1395996412,
        58859.874808912034,
        58859.99953461806,
        58860.445579768515,
        58860.819890300925,
        58860.90143549768,
        58861.3716924537,
        58861.892919907405,
        58856.0,
        58856.2335734375,
        58856.53993190972,
        58857.240293449075,
        58857.351569398146,
        58857.70959005787,
        58857.92717657407,
        58858.558906956016,
        58858.584705416666,
        58858.82376699074,
        58859.1395996412,
        58859.874808912034,
        58859.99953461806,
        58860.445579768515,
        58860.819890300925,
        58860.90143549768,
        58861.3716924537,
        58861.892919907405,
        58856.0,
        58856.2335734375,
        58856.53993190972,
        58857.240293449075,
        58857.351569398146,
        58857.70959005787,
        58857.92717657407,
        58858.558906956016,
        58858.584705416666,
        58858.82376699074,
        58859.1395996412,
        58859.874808912034,
        58859.99953461806,
        58860.445579768515,
        58860.819890300925,
        58860.90143549768,
        58861.3716924537,
        58861.892919907405
    ],
    "magnitudes": {
        "ps1::r": [
            16.82454666763416,
            17.17941279648762,
            18.01144772031934,
            19.484944739936132,
            19.69829773671101,
            20.191311229886026,
            20.737674711414456,
            22.03262029321648,
            22.205607079158725,
            21.950552186672944,
            22.760583093325547,
            23.835884418611002
        ],
        "ps1::g": [
            17.12081075658094,
            18.056667203289166,
            18.579436459951324
        ],
        "ps1::z": [
            16.489590445017242,
            16.83691383630847,
            17.160333702832215,
            18.397314600449008,
            18.40543960650431,
            18.990773090451853,
            19.431226847082343,
            20.049165134932913,
            19.928216649873264,
            19.955826752802757,
            20.45232554024728,
            21.53049457935601,
            21.926466944476722,
            22.229218352523283,
            22.483765921337536,
            22.831359842702465,
            23.283508988486552,
            23.866453856360636
        ],
        "ps1::i": [
            16.48892887189697,
            17.671993626552975,
            17.639520621862268,
            18.835298029372968,
            19.19344100843644,
            20.08354120928115,
            20.009296280380177,
            20.499522769801285,
            20.5238288454009,
            20.83124780868651,
            21.575167131662734,
            22.29478105331019,
            22.390291836801037,
            23.26626685428801,
            23.387177906496916,
            23.586253863443666,
            24.002506868202033,
            24.465109080803863
        ],
        "ps1::y": [
            17.12267003492846,
            17.246556887062578,
            17.12578804834593,
            18.037881496047117,
            18.102747745045047,
            18.450918274305124,
            19.053024227479725,
            19.502969213379675,
            19.639131140534026,
            19.82946228857034,
            20.11692726128127,
            20.798280320153978,
            21.331872350876495,
            21.449393949144508,
            21.725016756358052,
            22.01446421803996,
            22.207851292891586,
            22.58771233943677
        ]
    },
    "parameters": {
        "log10_mej_dyn": -1.6241216187916834,
        "log10_mej_wind": -2.14371307597636,
        "luminosity_distance": 50.744507575069676,
        "inclination_EM": 0.012249864498310963,
        "v_ej_dyn": 0.16150760969358186,
        "v_ej_wind": 0.06343842154766802,
        "Ye_dyn": 0.3248111370323893,
        "Ye_wind": 0.2541527166290587,
        "redshift": 0.011354082190143628,
        "timeshift": 0
    }
}