{
    "times": [
        58855.0,
        58857.0,
        58859.0,
        58861.0,
        58855.0,
        58857.0,
        58859.0,
        58861.0,
        58855.0,
        58857.0,
        58859.0,
        58861.0,
        58855.0,
        58857.0,
        58859.0,
        58861.0,
        58855.0,
        58857.0,
        58859.0,
        58861.0
    ],
    "magnitudes": {
        "ps1::r": [
            16.600549150735805,
            16.88979321476753,
            18.8476670815379,
            20.271750053559792
        ],
        "ps1::g": [
            17.155797077292387,
            16.262003872268433,
            19.864437078652003,
            23.596330221354542
        ],
        "ps1::z": [
            17.166775565646844,
            16.350540697368622,
            17.75804770041106,
            18.990675180209934
        ],
        "ps1::i": [
            17.336283975600086,
            16.35369176701322,
            18.44385586791015,
            19.90833363339099
        ],
        "ps1::y": [
            17.56425911790006,
            16.24874952978785,
            17.742531763815446,
            18.435336877001905
        ]
    },
    "parameters": {
        "log10_mej_dyn": -0.32338237716860113,
        "log10_mej_wind": -0.6830395517616835,
        "luminosity_distance": 80.21576870049165,
        "inclination_EM": 0.22030210556084912,
        "v_ej_dyn": 0.17774768940502197,
        "v_ej_wind": 0.10565910326342473,
        "Ye_dyn": 0.3399360470832947,
        "Ye_wind": 0.2309606191395794,
        "redshift": 0.0178608893111307,
        "timeshift": 0
    }
}