log10_mej_dyn,log10_mej_wind,luminosity_distance,mass_1,mass_2,zeta,inclination_EM,v_ej_dyn,v_ej_wind,Ye_dyn,Ye_wind,KNphi,log10_Xlan,log10_vej
-1.6241216187916834,-2.14371307597636,50.744507575069676,1.8045337427512784,1.1372664627444053,0.01661727590107282,0.012249864498310963,0.16150760969358186,0.06343842154766802,0.3248111370323893,0.2541527166290587,15.783389697934757,-4.754674269437205,-0.9920994524859956
