{
    "times": [
        58856.0,
        58856.23087207176,
        58856.91457153935,
        58856.79721773148,
        58857.51419678241,
        58857.50291474537,
        58856.0,
        58856.23087207176,
        58856.91457153935,
        58856.79721773148,
        58857.51419678241,
        58857.50291474537,
        58858.04536321759,
        58858.41464170139,
        58858.892812592596,
        58859.05287386574,
        58859.09344936343,
        58859.59482402778,
        58859.94822039352,
        58860.356684618055,
        58860.7075578125,
        58860.95595043981,
        58861.23079931713,
        58861.680831018515,
        58856.0,
        58856.23087207176,
        58856.91457153935,
        58856.79721773148,
        58857.51419678241,
        58857.50291474537,
        58858.04536321759,
        58858.41464170139,
        58858.892812592596,
        58859.05287386574,
        58859.09344936343,
        58859.59482402778,
        58859.94822039352,
        58860.356684618055,
        58860.7075578125,
        58860.95595043981,
        58861.23079931713,
        58861.680831018515,
        58856.0,
        58856.23087207176,
        58856.91457153935,
        58856.79721773148,
        58857.51419678241,
        58857.50291474537,
        58858.04536321759,
        58858.41464170139,
        58858.892812592596,
        58859.05287386574,
        58859.09344936343,
        58859.59482402778,
        58859.94822039352,
        58860.356684618055,
        58860.7075578125,
        58860.95595043981,
        58861.23079931713,
        58861.680831018515
    ],
    "magnitudes": {
        "ps1::r": [
            19.37305003411871,
            20.246053979716233,
            22.399334778697124,
            21.899977096582866,
            23.730298239375394,
            23.277506937871536
        ],
        "ps1::g": [],
        "ps1::z": [
            19.50259543704104,
            19.556154092515694,
            20.922177730074175,
            20.565025078792264,
            22.050546552872554,
            21.623537322608822,
            21.914953535828218,
            22.46413200510256,
            23.581038481836543,
            23.340541153441023,
            23.150471396858478,
            23.82852997556608,
            24.210770564140155,
            24.59830058047906,
            24.24522294795286,
            24.664058375666862,
            24.955136728790354,
            24.76964034660599
        ],
        "ps1::i": [
            19.252900467225004,
            19.745259585068318,
            21.04084543143344,
            20.674798322311936,
            22.428161098094506,
            22.761768439644374,
            22.979924282535617,
            23.529187946851714,
            24.076577013085327,
            24.383714115392422,
            24.23433053636406,
            25.052862312332557,
            25.412250817945903,
            26.345999451821783,
            26.265343797102354,
            26.459248381947987,
            26.764068347028378,
            27.03949953381396
        ],
        "ps1::y": [
            19.281393912465536,
            19.820684452243007,
            20.334698325179964,
            20.23425820419348,
            21.632980820483258,
            21.484675301029156,
            22.34267045525673,
            22.348614510263268,
            22.809667156712965,
            22.86160076410597,
            22.873988569493342,
            23.24872654584229,
            23.434117793153895,
            23.86732414407202,
            23.838040360132716,
            23.97877208125084,
            24.423356902617783,
            23.99052729810439
        ]
    },
    "parameters": {
        "log10_mej_dyn": -2.24213075210917,
        "log10_mej_wind": -0.8790131148820768,
        "luminosity_distance": 139.92818104445743,
        "inclination_EM": 1.0049931430326855,
        "v_ej_dyn": 0.24481339481754882,
        "v_ej_wind": 0.10840883574885145,
        "Ye_dyn": 0.27152393980055545,
        "Ye_wind": 0.20041310444069305,
        "redshift": 0.030858523700254808,
        "timeshift": 0
    }
}