{
    "times": [
        58855.0,
        58857.0,
        58859.0,
        58861.0,
        58855.0,
        58857.0,
        58859.0,
        58855.0,
        58857.0,
        58859.0,
        58861.0,
        58855.0,
        58857.0,
        58859.0,
        58861.0,
        58855.0,
        58857.0,
        58859.0,
        58861.0
    ],
    "magnitudes": {
        "ps1::r": [
            16.90018583370573,
            17.905667244497746,
            19.462812758165633,
            22.547441830880594
        ],
        "ps1::g": [
            16.615480812344927,
            18.93203300053589,
            21.687920002752918
        ],
        "ps1::z": [
            17.378650617368287,
            17.6468913482654,
            18.237662903276302,
            20.02838053955692
        ],
        "ps1::i": [
            17.327184268055195,
            17.580668619129312,
            19.514055649080873,
            21.165913428138044
        ],
        "ps1::y": [
            17.914478645881818,
            17.15290709373806,
            18.294891247209893,
            19.92487960403019
        ]
    },
    "parameters": {
        "log10_mej_dyn": -0.9591256315053116,
        "log10_mej_wind": -0.43345944720434526,
        "luminosity_distance": 45.317809516818194,
        "inclination_EM": 0.5972932239916243,
        "v_ej_dyn": 0.17245843320667487,
        "v_ej_wind": 0.058913541133247226,
        "Ye_dyn": 0.1959914104050941,
        "Ye_wind": 0.39938167177115835,
        "redshift": 0.010149080635878596,
        "timeshift": 0
    }
}