log10_mej_dyn,log10_mej_wind,luminosity_distance,mass_1,mass_2,zeta,inclination_EM,v_ej_dyn,v_ej_wind,Ye_dyn,Ye_wind,KNphi,log10_Xlan,log10_vej
-2.24213075210917,-0.8790131148820768,139.92818104445743,1.9021899927512784,1.3841800429913187,0.43630610814947823,1.0049931430326855,0.24481339481754882,0.10840883574885145,0.27152393980055545,0.20041310444069305,20.54709480190451,-2.6238775988070024,-1.3485406595619582
