log10_mej_dyn,log10_mej_wind,luminosity_distance,mass_1,mass_2,zeta,inclination_EM,v_ej_dyn,v_ej_wind,Ye_dyn,Ye_wind
-0.9591256315053116,-0.43345944720434526,45.317809516818194,2.1614441142344543,1.7734057855859477,0.8585936751201426,0.5972932239916243,0.17245843320667487,0.058913541133247226,0.1959914104050941,0.39938167177115835
