{
    "times": [
        58855.0,
        58857.0,
        58855.0,
        58857.0,
        58855.0,
        58857.0,
        58859.0,
        58861.0,
        58855.0,
        58857.0,
        58859.0,
        58861.0,
        58855.0,
        58857.0,
        58859.0,
        58861.0
    ],
    "magnitudes": {
        "ps1::r": [
            20.130207288095352,
            22.086881577648107
        ],
        "ps1::g": [
            20.127158150388297,
            22.816025948732197
        ],
        "ps1::z": [
            20.32683574425784,
            20.18767313294934,
            22.238626313044477,
            22.450920552665373
        ],
        "ps1::i": [
            19.92351774599625,
            21.658459760598653,
            23.510524582892767,
            24.225467006033405
        ],
        "ps1::y": [
            20.490521419535867,
            20.269793208167947,
            21.87427961751557,
            22.58358674899577
        ]
    },
    "parameters": {
        "log10_mej_dyn": -0.6679683380515151,
        "log10_mej_wind": -0.9731421146775996,
        "luminosity_distance": 192.6647482923284,
        "inclination_EM": 0.4590631472336734,
        "v_ej_dyn": 0.20948322659510463,
        "v_ej_wind": 0.06956442870721172,
        "Ye_dyn": 0.1752301647303536,
        "Ye_wind": 0.385531256258693,
        "redshift": 0.04214185309415473,
        "timeshift": 0
    }
}