{
    "times": [
        58856.0,
        58856.42419392361,
        58856.50907616898,
        58856.9686477662,
        58857.52165170139,
        58857.419040243054,
        58857.82581094907,
        58858.19720462963,
        58858.669162997685,
        58859.186853136576,
        58859.084047627315,
        58859.564646238425,
        58859.88018119213,
        58860.11052502315,
        58856.0,
        58856.42419392361,
        58856.50907616898,
        58856.9686477662,
        58856.0,
        58856.42419392361,
        58856.50907616898,
        58856.9686477662,
        58857.52165170139,
        58857.419040243054,
        58857.82581094907,
        58858.19720462963,
        58858.669162997685,
        58859.186853136576,
        58859.084047627315,
        58859.564646238425,
        58859.88018119213,
        58860.11052502315,
        58860.915404363426,
        58860.858410416666,
        58861.413108912035,
        58861.874357141205,
        58856.0,
        58856.42419392361,
        58856.50907616898,
        58856.9686477662,
        58857.52165170139,
        58857.419040243054,
        58857.82581094907,
        58858.19720462963,
        58858.669162997685,
        58859.186853136576,
        58859.084047627315,
        58859.564646238425,
        58859.88018119213,
        58860.11052502315,
        58860.915404363426,
        58860.858410416666,
        58861.413108912035,
        58861.874357141205,
        58856.0,
        58856.42419392361,
        58856.50907616898,
        58856.9686477662,
        58857.52165170139,
        58857.419040243054,
        58857.82581094907,
        58858.19720462963,
        58858.669162997685,
        58859.186853136576,
        58859.084047627315,
        58859.564646238425,
        58859.88018119213,
        58860.11052502315,
        58860.915404363426,
        58860.858410416666,
        58861.413108912035,
        58861.874357141205
    ],
    "magnitudes": {
        "ps1::r": [
            15.140437734199864,
            16.931230889673433,
            16.981414343789474,
            18.129100739332927,
            19.04689497190163,
            18.740640578566023,
            19.288543119261348,
            19.96721317692539,
            21.124326377692253,
            22.458151458130665,
            22.042437333925157,
            22.769778301630943,
            23.195539103443327,
            23.25959611655373
        ],
        "ps1::g": [
            15.828549500898099,
            18.391574362076078,
            18.194795631688322,
            19.92572542114128
        ],
        "ps1::z": [
            15.313601055742271,
            15.73566770330217,
            16.289468652053504,
            17.253172064639237,
            17.574571849968287,
            17.170758752006257,
            17.319441497660357,
            17.8993270939283,
            18.308964630498924,
            19.22933150201162,
            18.78441222336348,
            19.217913351345167,
            19.585844554948192,
            19.999054209596565,
            20.2242933106449,
            20.282924380686154,
            21.05178767393397,
            20.44590415925834
        ],
        "ps1::i": [
            15.069800793195494,
            16.12431602816856,
            16.29760510507958,
            17.407955046392864,
            17.450004626811904,
            17.645670925845977,
            18.425099996637762,
            18.844298656984005,
            19.082722592551022,
            20.255642033564563,
            19.544656020071862,
            20.387843285941113,
            21.228625430097495,
            21.227698910513404,
            21.667103626985792,
            21.288409169445444,
            22.388288940436993,
            22.690732749581727
        ],
        "ps1::y": [
            15.00239620329993,
            15.561364082096656,
            15.908864695199366,
            16.29341511129149,
            16.880738243205645,
            16.9448234916904,
            17.166111835057283,
            17.790379975901804,
            18.052159592958297,
            18.55157598452432,
            18.220410256868767,
            18.86798847243415,
            19.134692082997574,
            19.033861938073642,
            19.42735463665379,
            19.04418591811959,
            19.612010972659984,
            19.855755568050213
        ]
    },
    "parameters": {
        "log10_mej_dyn": -2.329005544732307,
        "log10_mej_wind": -0.5909901214508892,
        "luminosity_distance": 32.464624193145475,
        "inclination_EM": 0.1756126824849802,
        "v_ej_dyn": 0.20911091547870583,
        "v_ej_wind": 0.09834966415121829,
        "Ye_dyn": 0.1857107910116281,
        "Ye_wind": 0.22201975264013904,
        "redshift": 0.007286331937562924,
        "timeshift": 0
    }
}