log10_mej_dyn,log10_mej_wind,luminosity_distance,mass_1,mass_2,zeta,inclination_EM,v_ej_dyn,v_ej_wind,Ye_dyn,Ye_wind,KNphi,log10_Xlan,log10_vej
-2.329005544732307,-0.5909901214508892,32.464624193145475,1.9510181177512784,1.3996121417567509,0.5934817461311258,0.1756126824849802,0.20911091547870583,0.09834966415121829,0.1857107910116281,0.22201975264013904,29.167132609087876,-5.5917729614704985,-0.598571877043748
