log10_mej_dyn,log10_mej_wind,luminosity_distance,mass_1,mass_2,zeta,inclination_EM,v_ej_dyn,v_ej_wind,Ye_dyn,Ye_wind
-0.6679683380515151,-0.9731421146775996,192.6647482923284,2.0442566142344543,2.0357514645982935,0.24879886311419813,0.4590631472336734,0.20948322659510463,0.06956442870721172,0.1752301647303536,0.385531256258693
