{
    "times": [
        58855.0,
        58857.0,
        58859.0,
        58861.0,
        58855.0,
        58857.0,
        58859.0,
        58861.0,
        58855.0,
        58857.0,
        58859.0,
        58861.0,
        58855.0,
        58857.0,
        58859.0,
        58861.0,
        58855.0,
        58857.0,
        58859.0,
        58861.0
    ],
    "magnitudes": {
        "ps1::r": [
            18.763429527597395,
            17.623668017840703,
            18.826246861154832,
            18.797268137473132
        ],
        "ps1::g": [
            17.814280698952533,
            17.54065769549387,
            20.40024661916108,
            21.393660158515253
        ],
        "ps1::z": [
            19.027697240036677,
            17.71629775972179,
            18.076510470318784,
            18.843529048798487
        ],
        "ps1::i": [
            18.767847812558184,
            17.824458743465684,
            18.35082595271486,
            19.597387999102732
        ],
        "ps1::y": [
            19.664294838419966,
            17.34374126855002,
            17.701945914291258,
            19.17491957023888
        ]
    },
    "parameters": {
        "log10_mej_dyn": -0.19414013226426036,
        "log10_mej_wind": -1.389130488154681,
        "luminosity_distance": 138.37903400661412,
        "inclination_EM": 0.03180654634546155,
        "v_ej_dyn": 0.15130140841328646,
        "v_ej_wind": 0.08258218018650165,
        "Ye_dyn": 0.28111251767153006,
        "Ye_wind": 0.24868915099553507,
        "redshift": 0.03052435845938651,
        "timeshift": 0
    }
}