{
    "times": [
        58856.0,
        58856.366951261574,
        58856.68551040509,
        58857.139323194446,
        58857.09768903935,
        58857.59945400463,
        58857.88837480324,
        58858.24435451389,
        58858.615363171295,
        58858.84046474537,
        58859.34634591435,
        58859.6136949537,
        58859.98996677083,
        58860.528331932874,
        58860.46338237268,
        58861.16451210648,
        58861.11428509259,
        58861.60860565972,
        58856.0,
        58856.366951261574,
        58856.68551040509,
        58856.0,
        58856.366951261574,
        58856.68551040509,
        58857.139323194446,
        58857.09768903935,
        58857.59945400463,
        58857.88837480324,
        58858.24435451389,
        58858.615363171295,
        58858.84046474537,
        58859.34634591435,
        58859.6136949537,
        58859.98996677083,
        58860.528331932874,
        58860.46338237268,
        58861.16451210648,
        58861.11428509259,
        58861.60860565972,
        58856.0,
        58856.366951261574,
        58856.68551040509,
        58857.139323194446,
        58857.09768903935,
        58857.59945400463,
        58857.88837480324,
        58858.24435451389,
        58858.615363171295,
        58858.84046474537,
        58859.34634591435,
        58859.6136949537,
        58859.98996677083,
        58860.528331932874,
        58860.46338237268,
        58861.16451210648,
        58861.11428509259,
        58861.60860565972,
        58856.0,
        58856.366951261574,
        58856.68551040509,
        58857.139323194446,
        58857.09768903935,
        58857.59945400463,
        58857.88837480324,
        58858.24435451389,
        58858.615363171295,
        58858.84046474537,
        58859.34634591435,
        58859.6136949537,
        58859.98996677083,
        58860.528331932874,
        58860.46338237268,
        58861.16451210648,
        58861.11428509259,
        58861.60860565972
    ],
    "magnitudes": {
        "ps1::r": [
            18.73168463955556,
            19.0910192011864,
            19.43292616947301,
            20.217869271211192,
            19.9109873947598,
            19.99467625763538,
            20.26729874576897,
            20.611337332412788,
            20.61869479477241,
            20.860076470398816,
            20.8429179324282,
            21.165524800497515,
            21.2120269859333,
            21.41689254265274,
            21.54531634190804,
            22.022850444003495,
            22.324313942589725,
            23.046163837839373
        ],
        "ps1::g": [
            18.841073570593533,
            19.682578761313632,
            19.64912280079227
        ],
        "ps1::z": [
            18.88740892353141,
            18.669137372307514,
            18.675401121284622,
            19.11052877616238,
            18.90506713044383,
            19.13251098262448,
            19.10620153494696,
            19.50612431108497,
            20.066697752551732,
            19.996494004416576,
            19.70992035697427,
            20.392559354642767,
            20.12986913185064,
            20.883184601927418,
            20.583593600665406,
            21.889633152975566,
            21.49441689148842,
            22.14478097638316
        ],
        "ps1::i": [
            18.671809492749524,
            18.91098788120898,
            19.37770753116813,
            19.780219477277956,
            19.969472461145727,
            20.134249643424504,
            20.451001559972013,
            20.889364953537736,
            20.902466969184957,
            20.92925589804905,
            21.375561667499532,
            21.5464964821726,
            21.40632665052361,
            21.855809919916183,
            22.05570087396449,
            22.57887956406344,
            22.136520942286303,
            22.959034204327093
        ],
        "ps1::y": [
            18.650102626204347,
            19.052652772788587,
            18.93604436209998,
            19.264771955721688,
            19.459637238633345,
            19.324491504740188,
            19.192110693747644,
            19.383560857652757,
            19.940778668121418,
            19.61219097608323,
            19.90746974569627,
            20.022975868541334,
            19.84966416984498,
            20.44719628044582,
            20.404160807681937,
            21.157686748906542,
            21.38606687454341,
            21.34166456435728
        ]
    },
    "parameters": {
        "log10_mej_dyn": -2.3820188076129667,
        "log10_mej_wind": -0.5767392017649337,
        "luminosity_distance": 164.301358887023,
        "inclination_EM": 0.21331179432805772,
        "v_ej_dyn": 0.1813423204373835,
        "v_ej_wind": 0.10781711977252009,
        "Ye_dyn": 0.2909011024303132,
        "Ye_wind": 0.3799144894822443,
        "redshift": 0.03609542240799379,
        "timeshift": 0
    }
}