log10_mej_dyn,log10_mej_wind,luminosity_distance,mass_1,mass_2,zeta,inclination_EM,v_ej_dyn,v_ej_wind,Ye_dyn,Ye_wind
-0.19414013226426036,-1.389130488154681,138.37903400661412,2.1223816142344543,1.1252576374377998,0.09443921930319975,0.03180654634546155,0.15130140841328646,0.08258218018650165,0.28111251767153006,0.24868915099553507
