log10_mej_dyn,log10_mej_wind,luminosity_distance,mass_1,mass_2,zeta,inclination_EM,v_ej_dyn,v_ej_wind,Ye_dyn,Ye_wind,KNphi,log10_Xlan,log10_vej
-2.3820188076129667,-0.5767392017649337,164.301358887023,1.2185962427512784,1.1681306602752695,0.6135065102231289,0.21331179432805772,0.1813423204373835,0.10781711977252009,0.2909011024303132,0.3799144894822443,24.97053525559071,-7.798669513194637,-0.7366155815182538
