{
    "times": [
        58855.0,
        58857.0,
        58859.0,
        58855.0,
        58857.0,
        58855.0,
        58857.0,
        58859.0,
        58861.0,
        58855.0,
        58857.0,
        58859.0,
        58861.0,
        58855.0,
        58857.0,
        58859.0,
        58861.0
    ],
    "magnitudes": {
        "ps1::r": [
            20.193266846015128,
            20.6023144452257,
            22.635943000105186
        ],
        "ps1::g": [
            19.829680656792327,
            21.141717267101356
        ],
        "ps1::z": [
            21.14512757412224,
            19.802251930293025,
            21.41444367233734,
            22.95089132499711
        ],
        "ps1::i": [
            20.68584307386349,
            20.061752311321396,
            21.66172223741227,
            23.68921199801283
        ],
        "ps1::y": [
            21.27812738035589,
            19.94703799719459,
            20.560928925186413,
            22.24808765879048
        ]
    },
    "parameters": {
        "log10_mej_dyn": -1.1145417571071266,
        "log10_mej_wind": -1.773725319622789,
        "luminosity_distance": 196.54229931273656,
        "inclination_EM": 0.9114524893506039,
        "v_ej_dyn": 0.12882206957031123,
        "v_ej_wind": 0.07429815651786262,
        "Ye_dyn": 0.2901090574639176,
        "Ye_wind": 0.3151711454553689,
        "redshift": 0.0429645473468507,
        "timeshift": 0
    }
}