{
    "times": [
        58856.0,
        58856.15448189815,
        58856.84206008102,
        58856.999367986115,
        58857.4293262037,
        58857.55542877315,
        58857.7613296875,
        58858.457306909724,
        58858.43852877315,
        58858.77358625,
        58859.210669618056,
        58859.6427397338,
        58860.19723460648,
        58860.3187852662,
        58860.797234907404,
        58860.802284618054,
        58861.10764876157,
        58861.5659924537,
        58856.0,
        58856.15448189815,
        58856.84206008102,
        58856.999367986115,
        58857.4293262037,
        58857.55542877315,
        58857.7613296875,
        58858.457306909724,
        58858.43852877315,
        58858.77358625,
        58859.210669618056,
        58859.6427397338,
        58860.19723460648,
        58860.3187852662,
        58860.797234907404,
        58860.802284618054,
        58861.10764876157,
        58861.5659924537,
        58856.0,
        58856.15448189815,
        58856.84206008102,
        58856.999367986115,
        58857.4293262037,
        58857.55542877315,
        58857.7613296875,
        58858.457306909724,
        58858.43852877315,
        58858.77358625,
        58859.210669618056,
        58859.6427397338,
        58860.19723460648,
        58860.3187852662,
        58860.797234907404,
        58860.802284618054,
        58861.10764876157,
        58861.5659924537
    ],
    "magnitudes": {
        "ps1::r": [],
        "ps1::g": [],
        "ps1::z": [
            22.254094171213993,
            22.137005099241748,
            23.627892537511855,
            23.5391788304958,
            24.130841744989464,
            24.389724505551047,
            24.531512435346887,
            25.46722709934825,
            25.312399809013044,
            25.709548826514638,
            25.943479833527633,
            27.028706377144456,
            26.59814040481748,
            27.243204054025483,
            27.0812140850079,
            27.255822512030257,
            27.399840299608464,
            27.851023200664546
        ],
        "ps1::i": [
            22.94315761021827,
            23.053044624717977,
            24.727885360227933,
            25.02929011626307,
            25.85450885414786,
            25.82786501737848,
            25.723742143234936,
            27.411614538258895,
            27.181171107274025,
            27.65982899742376,
            28.520512364556723,
            28.74933867144597,
            29.19562417681198,
            29.57436077767187,
            30.154281804535366,
            30.496430485222312,
            30.655249516122147,
            30.6468403795791
        ],
        "ps1::y": [
            22.122338939892536,
            22.000360909826565,
            22.751548246824477,
            23.282271447641556,
            23.795732390069976,
            23.716193194009325,
            23.72319851368657,
            24.534003757961816,
            24.524990787207447,
            24.367658984107443,
            24.72302527708453,
            25.05956020317946,
            25.359437186072917,
            25.554588844093686,
            25.76907512815709,
            25.90901491679372,
            25.987297570770913,
            26.520437641148632
        ]
    },
    "parameters": {
        "log10_mej_dyn": -1.9593665644100653,
        "log10_mej_wind": -1.5998267381879774,
        "luminosity_distance": 155.43838512609008,
        "inclination_EM": 1.3819842614634605,
        "v_ej_dyn": 0.23026794027209427,
        "v_ej_wind": 0.13917806651808223,
        "Ye_dyn": 0.22446511627114368,
        "Ye_wind": 0.2281139354656238,
        "redshift": 0.034195552385459786,
        "timeshift": 0
    }
}