log10_mej_dyn,log10_mej_wind,luminosity_distance,mass_1,mass_2,zeta,inclination_EM,v_ej_dyn,v_ej_wind,Ye_dyn,Ye_wind
-1.1145417571071266,-1.773725319622789,196.54229931273656,1.536444114234454,2.1900724522526143,0.0913503162468968,0.9114524893506039,0.12882206957031123,0.07429815651786262,0.2901090574639176,0.3151711454553689
