log10_mej_dyn,log10_mej_wind,luminosity_distance,mass_1,mass_2,zeta,inclination_EM,v_ej_dyn,v_ej_wind,Ye_dyn,Ye_wind,KNphi,log10_Xlan,log10_vej
-1.9593665644100653,-1.5998267381879774,155.43838512609008,1.4334399927512784,1.1064022652135412,0.12158568177539376,1.3819842614634605,0.23026794027209427,0.13917806651808223,0.22446511627114368,0.2281139354656238,67.50361654103494,-6.7618086332897605,-1.252734207949055
