{
    "times": [
        58855.0,
        58857.0,
        58855.0,
        58855.0,
        58857.0,
        58859.0,
        58861.0,
        58855.0,
        58857.0,
        58859.0,
        58861.0,
        58855.0,
        58857.0,
        58859.0,
        58861.0
    ],
    "magnitudes": {
        "ps1::r": [
            20.94715984894372,
            22.62030168262383
        ],
        "ps1::g": [
            21.236950938409755
        ],
        "ps1::z": [
            20.78606430602088,
            21.497816190097016,
            22.789804757797356,
            24.00166693607717
        ],
        "ps1::i": [
            21.05465111819798,
            21.61295107033056,
            23.993611018429895,
            25.79578134684012
        ],
        "ps1::y": [
            21.215620784605477,
            21.186667439307122,
            22.096606113492115,
            23.43403971594089
        ]
    },
    "parameters": {
        "log10_mej_dyn": -1.7684329326945867,
        "log10_mej_wind": -0.8612229348249614,
        "luminosity_distance": 161.64434012906307,
        "inclination_EM": 1.1627799016377873,
        "v_ej_dyn": 0.2068385984959311,
        "v_ej_wind": 0.07488987249419397,
        "Ye_dyn": 0.1987595764950595,
        "Ye_wind": 0.35395230889027196,
        "redshift": 0.03552639317332153,
        "timeshift": 0
    }
}