{
    "times": [
        58856.0,
        58856.398634861114,
        58856.457348854165,
        58856.99276269676,
        58857.429688055556,
        58857.57735733796,
        58858.000180219904,
        58858.42751311343,
        58858.546753622686,
        58858.75381418981,
        58859.29011553241,
        58859.45088962963,
        58859.91116519676,
        58860.58277586805,
        58860.797227650466,
        58861.11294922454,
        58861.26027327546,
        58856.0,
        58856.398634861114,
        58856.457348854165,
        58856.0,
        58856.398634861114,
        58856.457348854165,
        58856.99276269676,
        58857.429688055556,
        58857.57735733796,
        58858.000180219904,
        58858.42751311343,
        58858.546753622686,
        58858.75381418981,
        58859.29011553241,
        58859.45088962963,
        58859.91116519676,
        58860.58277586805,
        58860.797227650466,
        58861.11294922454,
        58861.26027327546,
        58861.43830631945,
        58856.0,
        58856.398634861114,
        58856.457348854165,
        58856.99276269676,
        58857.429688055556,
        58857.57735733796,
        58858.000180219904,
        58858.42751311343,
        58858.546753622686,
        58858.75381418981,
        58859.29011553241,
        58859.45088962963,
        58859.91116519676,
        58860.58277586805,
        58860.797227650466,
        58861.11294922454,
        58861.26027327546,
        58861.43830631945,
        58856.0,
        58856.398634861114,
        58856.457348854165,
        58856.99276269676,
        58857.429688055556,
        58857.57735733796,
        58858.000180219904,
        58858.42751311343,
        58858.546753622686,
        58858.75381418981,
        58859.29011553241,
        58859.45088962963,
        58859.91116519676,
        58860.58277586805,
        58860.797227650466,
        58861.11294922454,
        58861.26027327546,
        58861.43830631945
    ],
    "magnitudes": {
        "ps1::r": [
            17.925637264519466,
            18.35856192102548,
            18.588263633969426,
            20.42561738293427,
            21.316622496337665,
            21.099195495762018,
            22.032706026459156,
            21.719071520070433,
            21.902526236662965,
            22.145612305129394,
            22.61050551975653,
            22.53928534821098,
            22.88916156074681,
            23.469382464504214,
            23.419295280972268,
            23.693843986818944,
            23.669613306076972
        ],
        "ps1::g": [
            18.22525534898314,
            19.317574729235673,
            19.585394725235346
        ],
        "ps1::z": [
            18.567690787037428,
            17.972354190731608,
            17.984132260306026,
            18.774582323991087,
            19.879955708428447,
            19.31772583484973,
            20.01571937491699,
            20.484714916793166,
            20.68069371901786,
            20.955431893879393,
            21.077402866006224,
            21.209431342136355,
            21.457809659189294,
            21.33352545184099,
            21.365446417321003,
            21.40537102160738,
            21.374067733898006,
            21.41400294402324
        ],
        "ps1::i": [
            18.116953797611753,
            18.45187569800149,
            18.500801083308087,
            19.524174020213415,
            20.392996811718753,
            20.407530407048956,
            21.033624810327083,
            21.37047968160154,
            21.461157430405585,
            21.50409968806731,
            21.91147214330048,
            22.03176322582857,
            22.100750671913012,
            21.857883368303906,
            21.818065094088865,
            22.698457507124306,
            22.17976937697661,
            22.806618179074327
        ],
        "ps1::y": [
            18.514779100192392,
            18.19977082600454,
            18.200773807684588,
            18.38246505015406,
            19.312566437309783,
            19.681367446925417,
            20.214673703195437,
            20.289647331761742,
            20.39386125178259,
            20.637956871007294,
            20.377696754833792,
            20.66013580024208,
            20.787055095688714,
            21.534424945658053,
            21.123686657920803,
            21.646125393307273,
            21.39123387362681,
            21.30859087619532
        ]
    },
    "parameters": {
        "log10_mej_dyn": -1.7698499801304173,
        "log10_mej_wind": -0.8950254352621428,
        "luminosity_distance": 98.38299154008423,
        "inclination_EM": 1.0929577373331996,
        "v_ej_dyn": 0.2342348824208546,
        "v_ej_wind": 0.05574611385536032,
        "Ye_dyn": 0.3144305141950191,
        "Ye_wind": 0.24362640083958503,
        "redshift": 0.021841214441906606,
        "timeshift": 0
    }
}