log10_mej_dyn,log10_mej_wind,luminosity_distance,mass_1,mass_2,zeta,inclination_EM,v_ej_dyn,v_ej_wind,Ye_dyn,Ye_wind,KNphi,log10_Xlan,log10_vej
-1.7698499801304173,-0.8950254352621428,98.38299154008423,2.0779712427512784,1.2761553516332942,0.6773305219408337,1.0929577373331996,0.2342348824208546,0.05574611385536032,0.3144305141950191,0.24362640083958503,48.44879612515592,-5.030536338402722,-1.2156478395827701
