log10_mej_dyn,log10_mej_wind,luminosity_distance,mass_1,mass_2,zeta,inclination_EM,v_ej_dyn,v_ej_wind,Ye_dyn,Ye_wind
-1.7684329326945867,-0.8612229348249614,161.64434012906307,1.966131614234454,1.6808131929933552,0.7040945651810269,1.1627799016377873,0.2068385984959311,0.07488987249419397,0.1987595764950595,0.35395230889027196
