{
    "times": [
        58856.0,
        58856.32460355324,
        58856.72798105324,
        58857.02242013889,
        58857.56671965278,
        58857.71257299768,
        58858.17255445602,
        58858.38173356481,
        58858.71951916667,
        58858.797376400464,
        58859.56004930555,
        58859.83183077546,
        58859.991448009256,
        58860.14351071759,
        58856.0,
        58856.32460355324,
        58856.72798105324,
        58857.02242013889,
        58857.56671965278,
        58857.71257299768,
        58858.17255445602,
        58858.38173356481,
        58858.71951916667,
        58858.797376400464,
        58859.56004930555,
        58859.83183077546,
        58859.991448009256,
        58860.14351071759,
        58860.898653414355,
        58860.89381612268,
        58861.40292714121,
        58861.61329596065,
        58856.0,
        58856.32460355324,
        58856.72798105324,
        58857.02242013889,
        58857.56671965278,
        58857.71257299768,
        58858.17255445602,
        58858.38173356481,
        58858.71951916667,
        58858.797376400464,
        58859.56004930555,
        58859.83183077546,
        58859.991448009256,
        58860.14351071759,
        58860.898653414355,
        58860.89381612268,
        58861.40292714121,
        58861.61329596065,
        58856.0,
        58856.32460355324,
        58856.72798105324,
        58857.02242013889,
        58857.56671965278,
        58857.71257299768,
        58858.17255445602,
        58858.38173356481,
        58858.71951916667,
        58858.797376400464,
        58859.56004930555,
        58859.83183077546,
        58859.991448009256,
        58860.14351071759,
        58860.898653414355,
        58860.89381612268,
        58861.40292714121,
        58861.61329596065
    ],
    "magnitudes": {
        "ps1::r": [
            19.666003574160396,
            19.825117385500732,
            21.02785054816969,
            20.43925008440699,
            21.321527694364796,
            21.514403623500893,
            21.60885927389337,
            22.542446970513094,
            22.26836880246296,
            22.687867142447626,
            23.070367418832724,
            23.693052397821763,
            23.545279220232025,
            23.98164849643364
        ],
        "ps1::g": [],
        "ps1::z": [
            20.85043636167849,
            20.142823318197525,
            20.04303835515141,
            20.32214956040866,
            20.483582119182017,
            20.501275075072215,
            20.52448851663952,
            20.620953407739922,
            20.94323576439767,
            20.741743517368107,
            21.274266925281367,
            21.580038613933702,
            21.849390156320233,
            21.8153511789674,
            22.406318341644678,
            22.56317383595379,
            23.00956541981754,
            23.0123566287228
        ],
        "ps1::i": [
            20.427942555371246,
            20.241243346897946,
            20.152219458623712,
            20.30608956631568,
            20.82454200160457,
            21.004772091149675,
            21.671917762554642,
            21.35342873696372,
            21.779889181816188,
            22.120091817197505,
            22.13594528130426,
            22.27197461786418,
            22.47928506518216,
            22.759636977531237,
            23.4210395066209,
            23.200464220329852,
            23.614658536196675,
            23.501246272212992
        ],
        "ps1::y": [
            20.30622835389276,
            19.935184174119083,
            20.051155033081972,
            20.13341861318518,
            19.82597720617398,
            20.280634655838828,
            20.436567071731258,
            20.639831286595502,
            20.656447799954563,
            20.87104890025907,
            21.49085091020639,
            21.230605234774664,
            21.25805181795145,
            21.313907274866295,
            21.92102228245401,
            22.04090472906816,
            22.100539432499552,
            22.346358447380666
        ]
    },
    "parameters": {
        "log10_mej_dyn": -2.2679575674982284,
        "log10_mej_wind": -0.8537790797178286,
        "luminosity_distance": 198.09144635057987,
        "inclination_EM": 1.1432232197906362,
        "v_ej_dyn": 0.1350613287018463,
        "v_ej_wind": 0.09894138012754966,
        "Ye_dyn": 0.3483405487970952,
        "Ye_wind": 0.2635709991775351,
        "redshift": 0.04329296730571572,
        "timeshift": 0
    }
}