{
    "times": [
        58855.0,
        58857.0,
        58855.0,
        58855.0,
        58857.0,
        58859.0,
        58861.0,
        58855.0,
        58857.0,
        58859.0,
        58861.0,
        58855.0,
        58857.0,
        58859.0,
        58861.0
    ],
    "magnitudes": {
        "ps1::r": [
            20.389994606510577,
            23.022210898973924
        ],
        "ps1::g": [
            19.83460108293127
        ],
        "ps1::z": [
            20.651043624214925,
            21.524425842388013,
            22.398889292400188,
            24.52277451129001
        ],
        "ps1::i": [
            20.383736086941333,
            22.29836049153144,
            23.01116147961568,
            25.677478756748375
        ],
        "ps1::y": [
            20.30289412710312,
            20.8725886140572,
            21.642378011363007,
            23.83827019234601
        ]
    },
    "parameters": {
        "log10_mej_dyn": -0.6851429394136813,
        "log10_mej_wind": -0.9878482047034645,
        "luminosity_distance": 153.88923808824677,
        "inclination_EM": 0.4087976647762367,
        "v_ej_dyn": 0.16320223485956745,
        "v_ej_wind": 0.14352892574863182,
        "Ye_dyn": 0.33716788099332934,
        "Ye_wind": 0.20990798756063203,
        "redshift": 0.033862956507111026,
        "timeshift": 0
    }
}