log10_mej_dyn,log10_mej_wind,luminosity_distance,mass_1,mass_2,zeta,inclination_EM,v_ej_dyn,v_ej_wind,Ye_dyn,Ye_wind,KNphi,log10_Xlan,log10_vej
-2.2679575674982284,-0.8537790797178286,198.09144635057987,1.2576587427512784,1.090970166448109,0.7218390249520258,1.1432232197906362,0.1350613287018463,0.09894138012754966,0.3483405487970952,0.2635709991775351,36.65295491532606,-5.858122545299274,-1.471131710550512
