log10_mej_dyn,log10_mej_wind,luminosity_distance,mass_1,mass_2,zeta,inclination_EM,v_ej_dyn,v_ej_wind,Ye_dyn,Ye_wind
-0.6851429394136813,-0.9878482047034645,153.88923808824677,1.302069114234454,1.8659983781785403,0.23834887649753778,0.4087976647762367,0.16320223485956745,0.14352892574863182,0.33716788099332934,0.20990798756063203
