{
    "times": [
        58855.0,
        58857.0,
        58859.0,
        58861.0,
        58855.0,
        58857.0,
        58859.0,
        58855.0,
        58857.0,
        58859.0,
        58861.0,
        58855.0,
        58857.0,
        58859.0,
        58861.0,
        58855.0,
        58857.0,
        58859.0,
        58861.0
    ],
    "magnitudes": {
        "ps1::r": [
            17.487543659994138,
            18.394624152979482,
            21.341880565661196,
            23.124634278041256
        ],
        "ps1::g": [
            16.934407337372672,
            19.46300554318308,
            23.170750199766204
        ],
        "ps1::z": [
            17.583852544429767,
            16.897956051188803,
            18.711702595866143,
            20.29166669595945
        ],
        "ps1::i": [
            17.307342155211877,
            17.186270358625023,
            19.201827376648744,
            21.360045451629638
        ],
        "ps1::y": [
            18.310587255483732,
            17.33814712078006,
            18.365103224415826,
            19.851337315224118
        ]
    },
    "parameters": {
        "log10_mej_dyn": -0.9275911810250158,
        "log10_mej_wind": -1.7302702306620743,
        "luminosity_distance": 56.95046257804268,
        "inclination_EM": 0.6601250770634202,
        "v_ej_dyn": 0.1486567803141129,
        "v_ej_wind": 0.1287360263403478,
        "Ye_dyn": 0.25758310590682415,
        "Ye_wind": 0.2802680983639561,
        "redshift": 0.012729474953688034,
        "timeshift": 0
    }
}