{
    "times": [
        58856.0,
        58856.39836668981,
        58856.90120328704,
        58857.1070296875,
        58857.22369284722,
        58857.72219111111,
        58858.133709201385,
        58858.17877207176,
        58858.902484479164,
        58859.09498149306,
        58859.46645274306,
        58859.757813530094,
        58860.158825185186,
        58860.509874270836,
        58860.420345150465,
        58861.21719418981,
        58861.253523356485,
        58861.747603194446,
        58856.0,
        58856.39836668981,
        58856.90120328704,
        58857.1070296875,
        58857.22369284722,
        58857.72219111111,
        58858.133709201385,
        58858.17877207176,
        58856.0,
        58856.39836668981,
        58856.90120328704,
        58857.1070296875,
        58857.22369284722,
        58857.72219111111,
        58858.133709201385,
        58858.17877207176,
        58858.902484479164,
        58859.09498149306,
        58859.46645274306,
        58859.757813530094,
        58860.158825185186,
        58860.509874270836,
        58860.420345150465,
        58861.21719418981,
        58861.253523356485,
        58861.747603194446,
        58856.0,
        58856.39836668981,
        58856.90120328704,
        58857.1070296875,
        58857.22369284722,
        58857.72219111111,
        58858.133709201385,
        58858.17877207176,
        58858.902484479164,
        58859.09498149306,
        58859.46645274306,
        58859.757813530094,
        58860.158825185186,
        58860.509874270836,
        58860.420345150465,
        58861.21719418981,
        58861.253523356485,
        58861.747603194446,
        58856.0,
        58856.39836668981,
        58856.90120328704,
        58857.1070296875,
        58857.22369284722,
        58857.72219111111,
        58858.133709201385,
        58858.17877207176,
        58858.902484479164,
        58859.09498149306,
        58859.46645274306,
        58859.757813530094,
        58860.158825185186,
        58860.509874270836,
        58860.420345150465,
        58861.21719418981,
        58861.253523356485,
        58861.747603194446
    ],
    "magnitudes": {
        "ps1::r": [
            13.950159101651778,
            14.090950093436618,
            15.102808850753146,
            15.650253497156168,
            16.04183057254592,
            16.510874498744794,
            17.642069991558465,
            17.448575918071448,
            18.497379082971943,
            18.67588730675685,
            19.4027749517037,
            19.59442572566757,
            20.335953243442663,
            20.820140628744774,
            20.346066349500816,
            21.47180022214348,
            20.89775953029925,
            21.691016534498015
        ],
        "ps1::g": [
            14.418569839483606,
            15.29501297748414,
            16.34333591843304,
            17.18535836820832,
            17.193047449125146,
            18.258346236735555,
            19.405476994552238,
            19.423318482811418
        ],
        "ps1::z": [
            13.862343744269882,
            13.742261688454246,
            14.154301062256163,
            14.48475204327071,
            14.766086153269928,
            14.95239479149756,
            15.646904776249222,
            15.477837046253068,
            16.056262544518077,
            16.470726140263878,
            16.619695789841472,
            16.4847355966129,
            17.521471710996373,
            17.41524030216358,
            17.461433609131088,
            18.11763302423438,
            17.832469484990092,
            18.09262554585419
        ],
        "ps1::i": [
            13.969314116222414,
            14.037577852378892,
            14.356361698082544,
            14.900768974717977,
            15.11105604092199,
            15.608234659751789,
            16.013695029725675,
            16.197302721931504,
            16.99256655360046,
            17.274840877256395,
            17.664711958726183,
            17.856294263405957,
            18.050554016548425,
            18.45019625961803,
            18.402561429323466,
            19.23188746328698,
            18.932425498670867,
            19.371793908789527
        ],
        "ps1::y": [
            13.751901645611035,
            13.858360754512244,
            14.345979547364912,
            14.036164963071467,
            14.351702171671981,
            15.020197407807462,
            14.831220764176905,
            14.69118980779474,
            15.49722207977848,
            15.86649346035277,
            15.992919985305251,
            16.52966606344848,
            16.64949882438841,
            17.071688356729442,
            16.425237091883744,
            17.055888598629508,
            17.284218524610047,
            17.365588144212104
        ]
    },
    "parameters": {
        "log10_mej_dyn": -1.62576464928644,
        "log10_mej_wind": -0.7295893902974093,
        "luminosity_distance": 16.95442011151282,
        "inclination_EM": 0.4646392066152412,
        "v_ej_dyn": 0.24878033696630916,
        "v_ej_wind": 0.0924325043879047,
        "Ye_dyn": 0.22031286713619558,
        "Ye_wind": 0.2752053482080061,
        "redshift": 0.0038152904049655926,
        "timeshift": 0
    }
}