log10_mej_dyn,log10_mej_wind,luminosity_distance,mass_1,mass_2,zeta,inclination_EM,v_ej_dyn,v_ej_wind,Ye_dyn,Ye_wind,KNphi,log10_Xlan,log10_vej
-1.62576464928644,-0.7295893902974093,16.95442011151282,1.6092212427512784,1.0292417713863806,0.43885842630639765,0.4646392066152412,0.24878033696630916,0.0924325043879047,0.22031286713619558,0.2752053482080061,53.66618742950376,-7.23743289012686,-0.5450026782924472
