log10_mej_dyn,log10_mej_wind,luminosity_distance,mass_1,mass_2,zeta,inclination_EM,v_ej_dyn,v_ej_wind,Ye_dyn,Ye_wind
-0.9275911810250158,-1.7302702306620743,56.95046257804268,1.809881614234454,1.9585909707711329,0.04501628830309541,0.6601250770634202,0.1486567803141129,0.1287360263403478,0.25758310590682415,0.2802680983639561
