{
    "times": [
        58856.0,
        58856.10624443287,
        58856.0,
        58856.10624443287,
        58856.70390429398,
        58856.89405311343,
        58857.55859270833,
        58857.41934421296,
        58858.14936261574,
        58858.47858125,
        58858.48007546296,
        58858.97317884259,
        58859.25777344908,
        58859.59268494213,
        58859.782698055555,
        58860.25406033565,
        58860.5666753125,
        58860.76716909722,
        58861.203684340275,
        58861.56020564815,
        58856.0,
        58856.10624443287,
        58856.70390429398,
        58856.89405311343,
        58857.55859270833,
        58857.41934421296,
        58858.14936261574,
        58858.47858125,
        58858.48007546296,
        58858.97317884259,
        58859.25777344908,
        58859.59268494213,
        58859.782698055555,
        58860.25406033565,
        58860.5666753125,
        58860.76716909722,
        58861.203684340275,
        58861.56020564815,
        58856.0,
        58856.10624443287,
        58856.70390429398,
        58856.89405311343,
        58857.55859270833,
        58857.41934421296,
        58858.14936261574,
        58858.47858125,
        58858.48007546296,
        58858.97317884259,
        58859.25777344908,
        58859.59268494213,
        58859.782698055555,
        58860.25406033565,
        58860.5666753125,
        58860.76716909722,
        58861.203684340275,
        58861.56020564815
    ],
    "magnitudes": {
        "ps1::r": [
            22.35233268060548,
            23.235253087985157
        ],
        "ps1::g": [],
        "ps1::z": [
            21.401393784829942,
            21.554054092071777,
            23.256444308047243,
            23.09779694694552,
            24.356281130529375,
            24.067728950212075,
            25.83482483632023,
            25.724938495645752,
            25.696360018533614,
            26.23632789640094,
            26.36197743072197,
            26.44952002345059,
            27.06377479972116,
            26.94762058190397,
            27.681794889359015,
            27.60171714108926,
            28.017228494708718,
            28.138752267647348
        ],
        "ps1::i": [
            22.06057492881549,
            22.276836115017034,
            24.16279257864079,
            24.875855738422548,
            25.78403329518546,
            25.746930215297525,
            26.613751014631042,
            27.160095004648056,
            27.268250364352916,
            27.95589346124524,
            28.17495009096308,
            28.30942040529664,
            28.647946444487555,
            29.343523083978592,
            29.600571756284218,
            30.09728802469178,
            29.905044929303283,
            30.68148486932997
        ],
        "ps1::y": [
            21.354220039961398,
            21.632111667547775,
            22.286600235041988,
            22.791060407446196,
            23.531146334668897,
            24.042746291724356,
            24.412666156346496,
            24.68939810069214,
            24.52526697942426,
            24.80544300048466,
            25.105002733951693,
            25.661806029530723,
            25.307988257371605,
            25.682875007166857,
            26.017474078568476,
            26.491396366492168,
            26.20542278973084,
            26.148001068377525
        ]
    },
    "parameters": {
        "log10_mej_dyn": -2.150483879082055,
        "log10_mej_wind": -1.2970192993510496,
        "luminosity_distance": 175.93401194824753,
        "inclination_EM": 1.4322497439208972,
        "v_ej_dyn": 0.16018529564399506,
        "v_ej_wind": 0.08237333279027156,
        "Ye_dyn": 0.19747549689398106,
        "Ye_wind": 0.2020751543021889,
        "redshift": 0.038581376955869114,
        "timeshift": 0
    }
}