{
    "times": [
        58855.0,
        58857.0,
        58859.0,
        58861.0,
        58855.0,
        58857.0,
        58859.0,
        58861.0,
        58855.0,
        58857.0,
        58859.0,
        58861.0,
        58855.0,
        58857.0,
        58859.0,
        58861.0,
        58855.0,
        58857.0,
        58859.0,
        58861.0
    ],
    "magnitudes": {
        "ps1::r": [
            17.399802409058587,
            16.58080788996453,
            18.47794461046558,
            19.22196776697968
        ],
        "ps1::g": [
            16.755311115239852,
            16.579273756715878,
            19.095483942389322,
            20.945808984452608
        ],
        "ps1::z": [
            17.830967409373333,
            15.805060260400687,
            16.596266567115446,
            18.742459741005245
        ],
        "ps1::i": [
            17.88439345784073,
            16.089359065694318,
            17.370516107122654,
            19.43445591070052
        ],
        "ps1::y": [
            18.428278966153805,
            15.779402906963522,
            16.34560505514096,
            17.708722662866393
        ]
    },
    "parameters": {
        "log10_mej_dyn": -0.41782643204892594,
        "log10_mej_wind": -1.9238507165609595,
        "luminosity_distance": 49.19536053722636,
        "inclination_EM": 0.14490388187469402,
        "v_ej_dyn": 0.12221049932237736,
        "v_ej_wind": 0.0926413517841348,
        "Ye_dyn": 0.3046419294362359,
        "Ye_wind": 0.2907944141534298,
        "redshift": 0.011010313805606483,
        "timeshift": 0
    }
}