log10_mej_dyn,log10_mej_wind,luminosity_distance,mass_1,mass_2,zeta,inclination_EM,v_ej_dyn,v_ej_wind,Ye_dyn,Ye_wind
-0.41782643204892594,-1.9238507165609595,49.19536053722636,1.263006614234454,1.6190847979316267,0.02757334997157144,0.14490388187469402,0.12221049932237736,0.0926413517841348,0.3046419294362359,0.2907944141534298
