log10_mej_dyn,log10_mej_wind,luminosity_distance,mass_1,mass_2,zeta,inclination_EM,v_ej_dyn,v_ej_wind,Ye_dyn,Ye_wind,KNphi,log10_Xlan,log10_vej
-2.150483879082055,-1.2970192993510496,175.93401194824753,1.4822681177512784,1.2607232528678622,0.6192856044558225,1.4322497439208972,0.16018529564399506,0.08237333279027156,0.19747549689398106,0.2020751543021889,42.21061086995744,-6.971083306298084,-0.8859912318824577
