{
    "times": [
        58856.0,
        58856.56685011574,
        58856.70485472222,
        58857.070336157405,
        58857.389674363425,
        58857.80952796296,
        58858.0573474537,
        58858.24117400463,
        58858.464982337966,
        58858.81277001157,
        58856.0,
        58856.56685011574,
        58856.70485472222,
        58857.070336157405,
        58857.389674363425,
        58857.80952796296,
        58858.0573474537,
        58858.24117400463,
        58858.464982337966,
        58858.81277001157,
        58859.238608796295,
        58859.43800194444,
        58859.92843891204,
        58860.33883956019,
        58860.58283046296,
        58860.76234364583,
        58861.247824328704,
        58861.911438773146,
        58856.0,
        58856.56685011574,
        58856.70485472222,
        58857.070336157405,
        58857.389674363425,
        58857.80952796296,
        58858.0573474537,
        58858.24117400463,
        58858.464982337966,
        58858.81277001157,
        58859.238608796295,
        58859.43800194444,
        58859.92843891204,
        58860.33883956019,
        58860.58283046296,
        58860.76234364583,
        58861.247824328704,
        58861.911438773146,
        58856.0,
        58856.56685011574,
        58856.70485472222,
        58857.070336157405,
        58857.389674363425,
        58857.80952796296,
        58858.0573474537,
        58858.24117400463,
        58858.464982337966,
        58858.81277001157,
        58859.238608796295,
        58859.43800194444,
        58859.92843891204,
        58860.33883956019,
        58860.58283046296,
        58860.76234364583,
        58861.247824328704,
        58861.911438773146
    ],
    "magnitudes": {
        "ps1::r": [
            20.73897098814956,
            21.512689441020566,
            21.95868165705228,
            22.322514941873237,
            22.29227226981673,
            23.23963160015456,
            23.24732714213925,
            23.612375679235345,
            23.400997334026066,
            23.870388276123638
        ],
        "ps1::g": [],
        "ps1::z": [
            21.033731726197793,
            20.802656570666713,
            20.800587958629976,
            20.98686338262069,
            21.257565848594204,
            21.616209180231714,
            21.635740465722975,
            21.77955339321194,
            21.488964136598742,
            21.969308104628546,
            22.667138332500535,
            21.89589378818136,
            22.253165107863524,
            22.694356770040773,
            23.108848005752748,
            22.952578663643692,
            23.10861092514358,
            23.847569913324342
        ],
        "ps1::i": [
            20.682591074232647,
            21.28089067794417,
            21.367633944424426,
            21.486456805186933,
            21.748695870811993,
            21.703112689206673,
            22.250006928828142,
            22.070443548264038,
            22.234624342935838,
            22.267678040845766,
            22.57383750967096,
            22.829135965831327,
            22.84305489986022,
            23.632860903654,
            23.863309777370887,
            23.802650715119956,
            23.947749116197613,
            25.077884469302337
        ],
        "ps1::y": [
            21.291950005825523,
            20.652638438949666,
            20.651470766452164,
            21.110730721555925,
            21.01949454433307,
            21.23365219305278,
            21.20520323859349,
            21.25678494230657,
            21.73855937130637,
            21.46180339589033,
            21.926627969831117,
            21.896836203830613,
            22.317643580309838,
            22.32370639785235,
            22.16389371260827,
            22.37164393659781,
            22.69467396600441,
            23.29725280151729
        ]
    },
    "parameters": {
        "log10_mej_dyn": -1.3462794850816746,
        "log10_mej_wind": -1.4637369615860072,
        "luminosity_distance": 129.40339970334958,
        "inclination_EM": 1.4699488557639746,
        "v_ej_dyn": 0.12316050225556531,
        "v_ej_wind": 0.13089404284944317,
        "Ye_dyn": 0.1614893377244309,
        "Ye_wind": 0.35886185790329694,
        "redshift": 0.028585107726248445,
        "timeshift": 0
    }
}