{
    "times": [
        58855.0,
        58855.0,
        58855.0,
        58857.0,
        58859.0,
        58861.0,
        58855.0,
        58857.0,
        58859.0,
        58861.0,
        58855.0,
        58857.0,
        58859.0,
        58861.0
    ],
    "magnitudes": {
        "ps1::r": [
            20.07179892276764
        ],
        "ps1::g": [
            19.733938321135675
        ],
        "ps1::z": [
            19.653183658610416,
            22.044807656620836,
            23.556429453345416,
            25.45136119632363
        ],
        "ps1::i": [
            20.070508677047584,
            22.890282617608086,
            25.709474573028054,
            27.122932318421093
        ],
        "ps1::y": [
            20.025330952502365,
            21.21694520138235,
            22.924464375906197,
            23.848225920914857
        ]
    },
    "parameters": {
        "log10_mej_dyn": -1.1869362486081796,
        "log10_mej_wind": -1.190952253897311,
        "luminosity_distance": 111.23617686375695,
        "inclination_EM": 0.9742843424223998,
        "v_ej_dyn": 0.23857413568601374,
        "v_ej_wind": 0.09796679557111704,
        "Ye_dyn": 0.18699487061270656,
        "Ye_wind": 0.21711020362711403,
        "redshift": 0.024643453994087922,
        "timeshift": 0
    }
}