log10_mej_dyn,log10_mej_wind,luminosity_distance,mass_1,mass_2,zeta,inclination_EM,v_ej_dyn,v_ej_wind,Ye_dyn,Ye_wind,KNphi,log10_Xlan,log10_vej
-1.3462794850816746,-1.4637369615860072,129.40339970334958,2.1560962427512784,1.075538067682677,0.18051080375172435,1.4699488557639746,0.12316050225556531,0.13089404284944317,0.1614893377244309,0.35886185790329694,19.753143951242883,-4.48832468560843,-1.492765425430845
