log10_mej_dyn,log10_mej_wind,luminosity_distance,mass_1,mass_2,zeta,inclination_EM,v_ej_dyn,v_ej_wind,Ye_dyn,Ye_wind
-1.1869362486081796,-1.190952253897311,111.23617686375695,1.106756614234454,2.2363687485489105,0.36855584193860175,0.9742843424223998,0.23857413568601374,0.09796679557111704,0.18699487061270656,0.21711020362711403
