{
    "times": [
        58855.0,
        58857.0,
        58859.0,
        58861.0,
        58855.0,
        58857.0,
        58859.0,
        58861.0,
        58855.0,
        58857.0,
        58859.0,
        58861.0,
        58855.0,
        58857.0,
        58859.0,
        58861.0,
        58855.0,
        58857.0,
        58859.0,
        58861.0
    ],
    "magnitudes": {
        "ps1::r": [
            14.06323358893096,
            15.483241601623929,
            15.847407342946521,
            17.854041749001002
        ],
        "ps1::g": [
            13.923224251561411,
            14.50805240840393,
            17.29074211645646,
            21.8622920168949
        ],
        "ps1::z": [
            14.058008860704113,
            13.878574229705883,
            15.60060522497061,
            17.123106984051486
        ],
        "ps1::i": [
            14.46163197233216,
            14.138436069260475,
            16.218788967014927,
            17.89098880939425
        ],
        "ps1::y": [
            14.282579467425247,
            13.619982623837604,
            14.782313078668746,
            16.33553673830214
        ]
    },
    "parameters": {
        "log10_mej_dyn": -0.8374785147580396,
        "log10_mej_wind": -0.9994055991280095,
        "luminosity_distance": 18.174952373961062,
        "inclination_EM": 0.28313395863264496,
        "v_ej_dyn": 0.20154934229758398,
        "v_ej_wind": 0.12814431036401644,
        "Ye_dyn": 0.3254031751109764,
        "Ye_wind": 0.3888553559816847,
        "redshift": 0.004089096106087064,
        "timeshift": 0
    }
}