{
    "times": [
        58856.0,
        58856.09809157407,
        58856.84105604167,
        58856.8225256713,
        58857.14097078703,
        58857.52288556713,
        58858.24046821759,
        58858.25908633102,
        58858.52279322917,
        58859.02116193287,
        58859.18894412037,
        58856.0,
        58856.09809157407,
        58856.0,
        58856.09809157407,
        58856.84105604167,
        58856.8225256713,
        58857.14097078703,
        58857.52288556713,
        58858.24046821759,
        58858.25908633102,
        58858.52279322917,
        58859.02116193287,
        58859.18894412037,
        58859.898660844905,
        58859.954112245374,
        58860.321270266206,
        58860.51242299769,
        58860.84507240741,
        58861.545432175924,
        58861.57905799768,
        58856.0,
        58856.09809157407,
        58856.84105604167,
        58856.8225256713,
        58857.14097078703,
        58857.52288556713,
        58858.24046821759,
        58858.25908633102,
        58858.52279322917,
        58859.02116193287,
        58859.18894412037,
        58859.898660844905,
        58859.954112245374,
        58860.321270266206,
        58860.51242299769,
        58860.84507240741,
        58861.545432175924,
        58861.57905799768,
        58856.0,
        58856.09809157407,
        58856.84105604167,
        58856.8225256713,
        58857.14097078703,
        58857.52288556713,
        58858.24046821759,
        58858.25908633102,
        58858.52279322917,
        58859.02116193287,
        58859.18894412037,
        58859.898660844905,
        58859.954112245374,
        58860.321270266206,
        58860.51242299769,
        58860.84507240741,
        58861.545432175924,
        58861.57905799768
    ],
    "magnitudes": {
        "ps1::r": [
            18.83486612331833,
            18.525307978541452,
            19.44824816211999,
            19.52957633297939,
            20.19990893952632,
            20.9379867559938,
            22.27751401648718,
            22.16916080989161,
            22.7031966150383,
            23.698663963849008,
            23.74403615483622
        ],
        "ps1::g": [
            19.711351989846122,
            19.663506839734616
        ],
        "ps1::z": [
            18.207166238665508,
            17.81661475292371,
            18.314417303028595,
            18.26214253803134,
            18.58924844460946,
            18.517601245654035,
            19.688031231760174,
            19.815962219152176,
            20.17927321550606,
            20.45592883671967,
            20.917560606098426,
            21.3059179918857,
            21.571075584396343,
            21.393512088759834,
            21.823796656801402,
            22.005637433450598,
            22.477764548424645,
            22.315121678156387
        ],
        "ps1::i": [
            18.12884175872625,
            18.394923437857745,
            18.293594165939155,
            18.503690568195346,
            18.931515174972674,
            19.261662793313675,
            20.819911471068096,
            20.68764447593376,
            21.289927355472976,
            21.943727944354904,
            22.166423531173656,
            23.487957652692348,
            23.353365995670217,
            23.416295977524953,
            23.452335657419503,
            24.0088114748442,
            23.846667874779406,
            24.20412385457633
        ],
        "ps1::y": [
            18.90425013721958,
            17.97115832583485,
            17.845646169755472,
            18.481945210864975,
            18.30518952600926,
            18.628233821802663,
            19.603039162153827,
            19.527612032801798,
            19.900469104564884,
            19.981328639880715,
            20.251518984014414,
            21.175609258371807,
            20.72525262633872,
            21.360439525383224,
            21.334594973071006,
            21.656949983152337,
            21.556733324367503,
            21.704256755203435
        ]
    },
    "parameters": {
        "log10_mej_dyn": -1.373842088590145,
        "log10_mej_wind": -0.9958711463375027,
        "luminosity_distance": 85.64246675874313,
        "inclination_EM": 0.7662321013598614,
        "v_ej_dyn": 0.18398694853655706,
        "v_ej_wind": 0.11432599551216506,
        "Ye_dyn": 0.2009357045064378,
        "Ye_wind": 0.2951499465459562,
        "redshift": 0.019052264953050846,
        "timeshift": 0
    }
}