log10_mej_dyn,log10_mej_wind,luminosity_distance,mass_1,mass_2,zeta,inclination_EM,v_ej_dyn,v_ej_wind,Ye_dyn,Ye_wind,KNphi,log10_Xlan,log10_vej
-1.373842088590145,-0.9958711463375027,85.64246675874313,1.9803149927512784,1.0446738701518128,0.3396835125620782,0.7662321013598614,0.18398694853655706,0.11432599551216506,0.2009357045064378,0.2951499465459562,39.26165056749997,-6.4859465643242435,-1.2846696918200229
