log10_mej_dyn,log10_mej_wind,luminosity_distance,mass_1,mass_2,zeta,inclination_EM,v_ej_dyn,v_ej_wind,Ye_dyn,Ye_wind
-0.8374785147580396,-0.9994055991280095,18.174952373961062,1.145819114234454,1.356739118919281,0.23188410961938433,0.28313395863264496,0.20154934229758398,0.12814431036401644,0.3254031751109764,0.3888553559816847
