{
    "times": [
        58855.0,
        58857.0,
        58855.0,
        58857.0,
        58855.0,
        58857.0,
        58859.0,
        58861.0,
        58855.0,
        58857.0,
        58859.0,
        58861.0,
        58855.0,
        58857.0,
        58859.0,
        58861.0
    ],
    "magnitudes": {
        "ps1::r": [
            18.7074629744464,
            21.58224571873958
        ],
        "ps1::g": [
            18.4217384901167,
            23.674259960352387
        ],
        "ps1::z": [
            18.676218574813603,
            19.563477381504306,
            21.692104625662594,
            24.25777173611747
        ],
        "ps1::i": [
            18.590466077916453,
            20.64272796480355,
            23.19560745780418,
            25.77155763535771
        ],
        "ps1::y": [
            18.661544066861502,
            19.03333288342173,
            21.382706760714633,
            23.691101985849052
        ]
    },
    "parameters": {
        "log10_mej_dyn": -2.376127389714504,
        "log10_mej_wind": -1.5951761570694376,
        "luminosity_distance": 84.09331972089983,
        "inclination_EM": 1.4015409433106114,
        "v_ej_dyn": 0.18039231750419554,
        "v_ej_wind": 0.1441206417249632,
        "Ye_dyn": 0.31640663531858887,
        "Ye_wind": 0.3118470457323772,
        "redshift": 0.01871237706952449,
        "timeshift": 0
    }
}