{
    "times": [
        58856.0,
        58856.39224930556,
        58856.43288743056,
        58857.16891939815,
        58857.1438434838,
        58857.8838553588,
        58858.143735081016,
        58858.427334479165,
        58858.423640995374,
        58859.11700788194,
        58859.52141274306,
        58859.48351164352,
        58859.78914523148,
        58860.12805335648,
        58860.50462259259,
        58860.98478909722,
        58861.174787233795,
        58861.580292719904,
        58856.0,
        58856.39224930556,
        58856.43288743056,
        58857.16891939815,
        58857.1438434838,
        58856.0,
        58856.39224930556,
        58856.43288743056,
        58857.16891939815,
        58857.1438434838,
        58857.8838553588,
        58858.143735081016,
        58858.427334479165,
        58858.423640995374,
        58859.11700788194,
        58859.52141274306,
        58859.48351164352,
        58859.78914523148,
        58860.12805335648,
        58860.50462259259,
        58860.98478909722,
        58861.174787233795,
        58861.580292719904,
        58856.0,
        58856.39224930556,
        58856.43288743056,
        58857.16891939815,
        58857.1438434838,
        58857.8838553588,
        58858.143735081016,
        58858.427334479165,
        58858.423640995374,
        58859.11700788194,
        58859.52141274306,
        58859.48351164352,
        58859.78914523148,
        58860.12805335648,
        58860.50462259259,
        58860.98478909722,
        58861.174787233795,
        58861.580292719904,
        58856.0,
        58856.39224930556,
        58856.43288743056,
        58857.16891939815,
        58857.1438434838,
        58857.8838553588,
        58858.143735081016,
        58858.427334479165,
        58858.423640995374,
        58859.11700788194,
        58859.52141274306,
        58859.48351164352,
        58859.78914523148,
        58860.12805335648,
        58860.50462259259,
        58860.98478909722,
        58861.174787233795,
        58861.580292719904
    ],
    "magnitudes": {
        "ps1::r": [
            15.879055323066197,
            16.380995596406354,
            16.902329112979025,
            17.710901207941845,
            18.18060433756734,
            18.830861655669448,
            18.762042159675772,
            18.920139724889793,
            18.99733303868939,
            19.392636880208983,
            20.03639851649661,
            20.27229091831784,
            20.34375710365793,
            20.32802200689391,
            21.258189733917128,
            21.790453542762776,
            21.875062846888248,
            22.349289945020665
        ],
        "ps1::g": [
            15.93818156548111,
            17.190918913918114,
            16.94713337059705,
            19.36873915365773,
            19.269960452563666
        ],
        "ps1::z": [
            16.30082189783714,
            16.456540024644752,
            16.077287463609792,
            16.76712594012044,
            16.522659777158097,
            16.992824973013306,
            16.870407157229394,
            17.36453267774461,
            17.130045161089075,
            17.440159496269064,
            17.886974068843827,
            18.047436736792132,
            17.89383251455108,
            17.87112679328496,
            18.086441950870103,
            18.55976376741439,
            18.73999971622686,
            19.14268551503297
        ],
        "ps1::i": [
            15.929219122483136,
            16.16902617397885,
            16.33516105135363,
            16.650957004321576,
            16.854842069083777,
            16.90569706218753,
            17.5967058473013,
            17.708725180140373,
            17.414856327576455,
            18.145145359592412,
            18.308061328358534,
            17.90576826780223,
            18.95512889975764,
            18.97393884291565,
            19.024478729543645,
            19.833733488174964,
            19.75904888099364,
            20.053117051748345
        ],
        "ps1::y": [
            16.219526807408972,
            16.79846856769656,
            16.322085730316452,
            16.933304733306382,
            16.975812531638045,
            17.018882707572477,
            16.807433012684463,
            17.374098251822947,
            17.120126049621277,
            17.7863803702353,
            17.496380204944447,
            17.643410261336292,
            17.66294050450101,
            17.468275675880385,
            17.7826187056942,
            18.147345904836435,
            18.443591673804754,
            18.446747993103138
        ]
    },
    "parameters": {
        "log10_mej_dyn": -2.3354069055731403,
        "log10_mej_wind": -0.790842627682578,
        "luminosity_distance": 47.974828274778126,
        "inclination_EM": 1.0301258842614038,
        "v_ej_dyn": 0.19456546093325128,
        "v_ej_wind": 0.11373427953583369,
        "Ye_dyn": 0.2556069847832544,
        "Ye_wind": 0.3483355421138232,
        "redshift": 0.010739343738905562,
        "timeshift": 0
    }
}