log10_mej_dyn,log10_mej_wind,luminosity_distance,mass_1,mass_2,zeta,inclination_EM,v_ej_dyn,v_ej_wind,Ye_dyn,Ye_wind
-2.376127389714504,-1.5951761570694376,84.09331972089983,1.731756614234454,1.819702081882244,0.7422082278466051,1.4015409433106114,0.18039231750419554,0.1441206417249632,0.31640663531858887,0.3118470457323772
