log10_mej_dyn,log10_mej_wind,luminosity_distance,mass_1,mass_2,zeta,inclination_EM,v_ej_dyn,v_ej_wind,Ye_dyn,Ye_wind,KNphi,log10_Xlan,log10_vej
-2.3354069055731403,-0.790842627682578,47.974828274778126,1.4041431177512784,1.3533158454604546,0.6040398126687014,1.0301258842614038,0.19456546093325128,0.11373427953583369,0.2556069847832544,0.3483355421138232,74.53575264689506,-1.7297039959532574,-0.9498621996243932
