{
    "times": [
        58855.0,
        58857.0,
        58859.0,
        58855.0,
        58857.0,
        58855.0,
        58857.0,
        58859.0,
        58861.0,
        58855.0,
        58857.0,
        58859.0,
        58861.0,
        58855.0,
        58857.0,
        58859.0,
        58861.0
    ],
    "magnitudes": {
        "ps1::r": [
            18.613818438182932,
            20.942326633990287,
            23.105775599071833
        ],
        "ps1::g": [
            18.937841809845597,
            21.898813172189364
        ],
        "ps1::z": [
            19.293009888938407,
            19.405842220021476,
            21.077954706491735,
            21.843582478235717
        ],
        "ps1::i": [
            19.3320972873582,
            20.10010107014952,
            21.953375367776133,
            23.185169199703452
        ],
        "ps1::y": [
            19.43303664669341,
            18.956627947834367,
            20.298078705216135,
            20.926264302674433
        ]
    },
    "parameters": {
        "log10_mej_dyn": -1.2857057175024844,
        "log10_mej_wind": -0.5818481108868527,
        "luminosity_distance": 107.3586258433488,
        "inclination_EM": 0.5344613709198285,
        "v_ej_dyn": 0.13411132576865836,
        "v_ej_wind": 0.1210437186480401,
        "Ye_dyn": 0.22228898825976537,
        "Ye_wind": 0.27306588229747414,
        "redshift": 0.023799266663487008,
        "timeshift": 0
    }
}