{
    "times": [
        58856.0,
        58856.12037400463,
        58856.42256638889,
        58857.07334357639,
        58857.48651859954,
        58857.41882486111,
        58857.968702592596,
        58858.32644082176,
        58858.4628215625,
        58858.883425162036,
        58859.24637771991,
        58859.76207464121,
        58859.90514534722,
        58860.14846505787,
        58856.0,
        58856.12037400463,
        58856.42256638889,
        58856.0,
        58856.12037400463,
        58856.42256638889,
        58857.07334357639,
        58857.48651859954,
        58857.41882486111,
        58857.968702592596,
        58858.32644082176,
        58858.4628215625,
        58858.883425162036,
        58859.24637771991,
        58859.76207464121,
        58859.90514534722,
        58860.14846505787,
        58860.48354462963,
        58860.883717916666,
        58861.21896240741,
        58861.73978862268,
        58856.0,
        58856.12037400463,
        58856.42256638889,
        58857.07334357639,
        58857.48651859954,
        58857.41882486111,
        58857.968702592596,
        58858.32644082176,
        58858.4628215625,
        58858.883425162036,
        58859.24637771991,
        58859.76207464121,
        58859.90514534722,
        58860.14846505787,
        58860.48354462963,
        58860.883717916666,
        58861.21896240741,
        58861.73978862268,
        58856.0,
        58856.12037400463,
        58856.42256638889,
        58857.07334357639,
        58857.48651859954,
        58857.41882486111,
        58857.968702592596,
        58858.32644082176,
        58858.4628215625,
        58858.883425162036,
        58859.24637771991,
        58859.76207464121,
        58859.90514534722,
        58860.14846505787,
        58860.48354462963,
        58860.883717916666,
        58861.21896240741,
        58861.73978862268
    ],
    "magnitudes": {
        "ps1::r": [
            18.450880298460223,
            18.09769111505432,
            19.245929136571263,
            20.43782323814726,
            20.94926321405635,
            20.062367086108903,
            20.698649346434593,
            20.780817476225856,
            20.94691264659219,
            20.852620284399467,
            21.252165817626,
            21.97419608572745,
            23.097091514917423,
            23.371193847823612
        ],
        "ps1::g": [
            18.51034984060531,
            19.03061948078821,
            19.544821593581883
        ],
        "ps1::z": [
            18.739760747876954,
            18.428214381624354,
            18.41788978298373,
            18.673492098386586,
            19.313350665605963,
            19.52139345784258,
            19.738295624114574,
            19.840114819126512,
            19.873840352901997,
            19.932543692145444,
            20.22377192543781,
            21.02651027692735,
            21.296547714110417,
            21.54292034969331,
            22.00229138108569,
            21.87587314433303,
            22.38543995598742,
            22.78226768773018
        ],
        "ps1::i": [
            19.015486816020225,
            18.53235635472242,
            18.780988581888877,
            19.137407866063544,
            19.59346664703604,
            19.689025142902835,
            20.41526370459566,
            20.089598186634333,
            20.203766828901017,
            20.81685951427457,
            21.353239918886672,
            21.714688519352954,
            21.789617420525634,
            22.66405934360141,
            23.069272260503638,
            23.084634560072146,
            23.15926478260601,
            23.745760270299485
        ],
        "ps1::y": [
            19.158786061396714,
            19.1585250460089,
            18.57300905600535,
            18.79788966049443,
            19.427291840761384,
            19.319060938225846,
            19.054464918265655,
            19.31720713544348,
            19.672837858883398,
            19.440063881232238,
            19.98973526089859,
            20.751668985516137,
            20.643917074472082,
            20.85188979492986,
            21.106367636281885,
            21.26968033512138,
            21.97162333855458,
            21.956577763344207
        ]
    },
    "parameters": {
        "log10_mej_dyn": -2.257668237760371,
        "log10_mej_wind": -0.9286706690366036,
        "luminosity_distance": 132.17307900364108,
        "inclination_EM": 0.7034002482880655,
        "v_ej_dyn": 0.20778860142911906,
        "v_ej_wind": 0.07882303693228339,
        "Ye_dyn": 0.33657584291474224,
        "Ye_wind": 0.28573166399747973,
        "redshift": 0.02918408722217136,
        "timeshift": 0
    }
}