log10_mej_dyn,log10_mej_wind,luminosity_distance,mass_1,mass_2,zeta,inclination_EM,v_ej_dyn,v_ej_wind,Ye_dyn,Ye_wind,KNphi,log10_Xlan,log10_vej
-2.257668237760371,-0.9286706690366036,132.17307900364108,1.3357837427512784,1.229859055336998,0.29256254918889224,0.7034002482880655,0.20778860142911906,0.07882303693228339,0.33657584291474224,0.28573166399747973,60.131215784891275,-3.927088062540653,-1.087905904098899
