log10_mej_dyn,log10_mej_wind,luminosity_distance,mass_1,mass_2,zeta,inclination_EM,v_ej_dyn,v_ej_wind,Ye_dyn,Ye_wind
-1.2857057175024844,-0.5818481108868527,107.3586258433488,1.653631614234454,1.310442822622985,0.6123590297926669,0.5344613709198285,0.13411132576865836,0.1210437186480401,0.22228898825976537,0.27306588229747414
