{
    "times": [
        58855.0,
        58857.0,
        58855.0,
        58855.0,
        58857.0,
        58859.0,
        58861.0,
        58855.0,
        58857.0,
        58859.0,
        58861.0,
        58855.0,
        58857.0,
        58859.0,
        58861.0
    ],
    "magnitudes": {
        "ps1::r": [
            19.89417202479229,
            23.676192350700436
        ],
        "ps1::g": [
            20.0748833416065
        ],
        "ps1::z": [
            20.501483434530606,
            21.872925864759743,
            24.414404797318863,
            26.802051506773374
        ],
        "ps1::i": [
            20.737535303576497,
            22.46087581010936,
            25.57212157728724,
            29.01381157813025
        ],
        "ps1::y": [
            20.55722828674608,
            21.029725086881633,
            23.234833753396217,
            25.793253452740153
        ]
    },
    "parameters": {
        "log10_mej_dyn": -2.2737109543203116,
        "log10_mej_wind": -1.9902216176815097,
        "luminosity_distance": 99.60352380253248,
        "inclination_EM": 1.351275460853175,
        "v_ej_dyn": 0.14336752411576578,
        "v_ej_wind": 0.0819904642101703,
        "Ye_dyn": 0.18422670452274115,
        "Ye_wind": 0.34675009282378993,
        "redshift": 0.022107801746807963,
        "timeshift": 0
    }
}