{
    "times": [
        58856.0,
        58856.08980508102,
        58856.61840150463,
        58856.0,
        58856.08980508102,
        58856.61840150463,
        58857.05549712963,
        58857.097765370374,
        58857.749799467594,
        58857.83690659722,
        58858.242639791664,
        58858.758784652775,
        58858.75746681713,
        58859.33269605324,
        58859.785966574076,
        58859.86250960648,
        58860.434570081015,
        58860.570434189816,
        58861.209847777776,
        58861.29061280093,
        58861.652432083334,
        58856.0,
        58856.08980508102,
        58856.61840150463,
        58857.05549712963,
        58857.097765370374,
        58857.749799467594,
        58857.83690659722,
        58858.242639791664,
        58858.758784652775,
        58858.75746681713,
        58859.33269605324,
        58859.785966574076,
        58859.86250960648,
        58860.434570081015,
        58860.570434189816,
        58861.209847777776,
        58861.29061280093,
        58861.652432083334,
        58856.0,
        58856.08980508102,
        58856.61840150463,
        58857.05549712963,
        58857.097765370374,
        58857.749799467594,
        58857.83690659722,
        58858.242639791664,
        58858.758784652775,
        58858.75746681713,
        58859.33269605324,
        58859.785966574076,
        58859.86250960648,
        58860.434570081015,
        58860.570434189816,
        58861.209847777776,
        58861.29061280093,
        58861.652432083334
    ],
    "magnitudes": {
        "ps1::r": [
            21.94920039930779,
            21.96066937418617,
            23.40326083067888
        ],
        "ps1::g": [],
        "ps1::z": [
            20.893072101427748,
            20.920296007906764,
            21.40753174070879,
            22.273539740516625,
            22.1168836098984,
            22.952715922864815,
            22.99212302639055,
            23.467405630166354,
            23.929674283000097,
            23.743634271536525,
            24.26469282829531,
            25.005791414484904,
            24.400284106155844,
            24.918262002439548,
            25.290406881956308,
            25.47667416360599,
            25.54807610617284,
            25.67475993044126
        ],
        "ps1::i": [
            20.916856465757228,
            21.26174173104728,
            22.62459578167246,
            23.23402435565077,
            23.379225550581033,
            23.825181050808627,
            24.254819345288013,
            24.67633032006058,
            25.057313604441077,
            24.967313098783784,
            25.546914244079503,
            25.82657098811041,
            25.974061526222712,
            26.125181570316336,
            26.435563775930774,
            26.879566816330243,
            27.01554834643898,
            27.268021030801634
        ],
        "ps1::y": [
            20.639018720247037,
            20.185635429483554,
            21.10983759720761,
            21.940712088297424,
            21.591413452772983,
            22.040606146222615,
            22.196073277246988,
            22.9965483753545,
            22.52197322223769,
            23.204963839746412,
            22.916303692045908,
            23.62364189656632,
            23.674879894966192,
            23.703916644560774,
            23.981459375665484,
            23.977531620993748,
            23.884045457239758,
            24.29898077683023
        ]
    },
    "parameters": {
        "log10_mej_dyn": -2.247670519294943,
        "log10_mej_wind": -0.820063845190127,
        "luminosity_distance": 93.39756879955945,
        "inclination_EM": 0.2635772767854944,
        "v_ej_dyn": 0.12580513035473886,
        "v_ej_wind": 0.12201830320447274,
        "Ye_dyn": 0.2950533515652613,
        "Ye_wind": 0.21093942023016674,
        "redshift": 0.020751232383595088,
        "timeshift": 0
    }
}