log10_mej_dyn,log10_mej_wind,luminosity_distance,mass_1,mass_2,zeta,inclination_EM,v_ej_dyn,v_ej_wind,Ye_dyn,Ye_wind,KNphi,log10_Xlan,log10_vej
-2.247670519294943,-0.820063845190127,93.39756879955945,1.5115649927512784,1.3224516479295905,0.3504015309249215,0.2635772767854944,0.12580513035473886,0.12201830320447274,0.2950533515652613,0.21093942023016674,31.435563610978235,-1.4443294418509982,-0.6778954982716358
