log10_mej_dyn,log10_mej_wind,luminosity_distance,mass_1,mass_2,zeta,inclination_EM,v_ej_dyn,v_ej_wind,Ye_dyn,Ye_wind
-2.2737109543203116,-1.9902216176815097,99.60352380253248,1.458319114234454,1.5882206004007626,0.5633317520352883,1.351275460853175,0.14336752411576578,0.0819904642101703,0.18422670452274115,0.34675009282378993
