{
    "times": [
        58856.0,
        58856.47689912037,
        58856.725746620374,
        58857.205418784724,
        58857.47496710648,
        58857.428942314815,
        58858.23974625,
        58858.444453819444,
        58858.90183127315,
        58858.90561967593,
        58859.15664269676,
        58859.469541087965,
        58859.84211741898,
        58860.17634201389,
        58860.58794207176,
        58861.11022872685,
        58861.22115585648,
        58861.644880625,
        58856.0,
        58856.47689912037,
        58856.0,
        58856.47689912037,
        58856.725746620374,
        58857.205418784724,
        58857.47496710648,
        58857.428942314815,
        58858.23974625,
        58858.444453819444,
        58858.90183127315,
        58858.90561967593,
        58859.15664269676,
        58859.469541087965,
        58859.84211741898,
        58860.17634201389,
        58860.58794207176,
        58861.11022872685,
        58861.22115585648,
        58861.644880625,
        58856.0,
        58856.47689912037,
        58856.725746620374,
        58857.205418784724,
        58857.47496710648,
        58857.428942314815,
        58858.23974625,
        58858.444453819444,
        58858.90183127315,
        58858.90561967593,
        58859.15664269676,
        58859.469541087965,
        58859.84211741898,
        58860.17634201389,
        58860.58794207176,
        58861.11022872685,
        58861.22115585648,
        58861.644880625,
        58856.0,
        58856.47689912037,
        58856.725746620374,
        58857.205418784724,
        58857.47496710648,
        58857.428942314815,
        58858.23974625,
        58858.444453819444,
        58858.90183127315,
        58858.90561967593,
        58859.15664269676,
        58859.469541087965,
        58859.84211741898,
        58860.17634201389,
        58860.58794207176,
        58861.11022872685,
        58861.22115585648,
        58861.644880625
    ],
    "magnitudes": {
        "ps1::r": [
            18.708876039454054,
            19.05392872765923,
            19.286214510603003,
            19.616439044280725,
            19.976662585893365,
            19.55561322969299,
            20.729928359810582,
            21.088006902915865,
            21.415400919972914,
            21.6947294472301,
            21.880140826106732,
            22.395402496533013,
            22.759109289541556,
            22.627707462358345,
            22.886496337023132,
            23.480950854705362,
            23.493601603637934,
            23.79362214632718
        ],
        "ps1::g": [
            18.466697200792094,
            19.78837799267152
        ],
        "ps1::z": [
            18.86776507370625,
            18.825196353684415,
            19.74687043440788,
            19.746968003762152,
            19.733458061387147,
            19.826823293580834,
            19.7930340770732,
            19.657473831314412,
            20.593861790760265,
            20.339137938286854,
            20.34288812024207,
            20.547048802055542,
            20.541737045985162,
            20.48177563301313,
            20.778566395735933,
            20.99015324351639,
            20.872362574224915,
            20.867762874347687
        ],
        "ps1::i": [
            19.034453929380074,
            19.099919930655048,
            18.989572220977387,
            19.36437949474865,
            19.74348500851792,
            19.39940602377989,
            20.29340712744939,
            20.365363821096068,
            21.10067393183693,
            21.001407024217304,
            20.63507912378,
            21.076058644614754,
            20.83788303737354,
            21.11116256214821,
            21.626837512227617,
            21.778561523771142,
            21.567110526642857,
            21.71218082868016
        ],
        "ps1::y": [
            19.406980446450486,
            18.7228719345724,
            18.893932175810516,
            19.55718326483477,
            18.857622373450695,
            19.364697879585446,
            19.410595578913295,
            19.5337223929217,
            19.91606415585768,
            20.19515981883389,
            19.615873386501065,
            19.630312489865307,
            19.922291805973945,
            20.003936535650833,
            20.24730331405837,
            19.917192425364817,
            20.513869963036775,
            20.63141200426395
        ]
    },
    "parameters": {
        "log10_mej_dyn": -3.2138428445851854,
        "log10_mej_wind": -0.5348280536013206,
        "luminosity_distance": 174.8261402281309,
        "inclination_EM": 0.45207283600088205,
        "v_ej_dyn": 0.2276233121729207,
        "v_ej_wind": 0.07586445705062658,
        "Ye_dyn": 0.15387688097702604,
        "Ye_wind": 0.3162025781249036,
        "redshift": 0.03834498948218436,
        "timeshift": 0
    }
}