{
    "times": [
        58855.0,
        58857.0,
        58855.0,
        58855.0,
        58857.0,
        58859.0,
        58861.0,
        58855.0,
        58857.0,
        58859.0,
        58861.0,
        58855.0,
        58857.0,
        58859.0,
        58861.0
    ],
    "magnitudes": {
        "ps1::r": [
            19.576272880750523,
            23.335890239515145
        ],
        "ps1::g": [
            19.6066033754587
        ],
        "ps1::z": [
            19.601164262029165,
            21.485893148880443,
            23.08751471316198,
            24.628106568565677
        ],
        "ps1::i": [
            19.934232327963755,
            22.377427476740387,
            24.059966020259516,
            26.376145011942928
        ],
        "ps1::y": [
            19.819609124873946,
            20.857635870318315,
            22.388626855516556,
            23.883364989688467
        ]
    },
    "parameters": {
        "log10_mej_dyn": -1.6720082527599303,
        "log10_mej_wind": -1.4959850103644103,
        "luminosity_distance": 126.74638094538963,
        "inclination_EM": 1.2256117547095833,
        "v_ej_dyn": 0.25973116047940215,
        "v_ej_wind": 0.05122123344093953,
        "Ye_dyn": 0.30187376334627053,
        "Ye_wind": 0.2941185138764215,
        "redshift": 0.02801001197721361,
        "timeshift": 0
    }
}