log10_mej_dyn,log10_mej_wind,luminosity_distance,mass_1,mass_2,zeta,inclination_EM,v_ej_dyn,v_ej_wind,Ye_dyn,Ye_wind
-1.6720082527599303,-1.4959850103644103,126.74638094538963,1.770819114234454,2.004887267067429,0.23736894323444788,1.2256117547095833,0.25973116047940215,0.05122123344093953,0.30187376334627053,0.2941185138764215
