log10_mej_dyn,log10_mej_wind,luminosity_distance,mass_1,mass_2,zeta,inclination_EM,v_ej_dyn,v_ej_wind,Ye_dyn,Ye_wind,KNphi,log10_Xlan,log10_vej
-3.2138428445851854,-0.5348280536013206,174.8261402281309,1.8240649927512784,1.4613405368184793,0.6774300562044987,0.45207283600088205,0.2276233121729207,0.07586445705062658,0.15387688097702604,0.3162025781249036,28.82686795880432,-3.651225993575136,-0.7417664660135711
