{
    "times": [
        58856.0,
        58856.23297658565,
        58856.554575625,
        58856.89704092593,
        58857.17870773148,
        58857.69006246528,
        58858.06769590278,
        58858.17580167824,
        58858.89219770833,
        58859.00353486111,
        58859.419200324075,
        58859.86125107639,
        58860.118245844904,
        58860.515749907405,
        58860.57299918981,
        58861.1726853125,
        58861.256682141204,
        58861.81384333333,
        58856.0,
        58856.23297658565,
        58856.554575625,
        58856.89704092593,
        58857.17870773148,
        58857.69006246528,
        58858.06769590278,
        58858.17580167824,
        58856.0,
        58856.23297658565,
        58856.554575625,
        58856.89704092593,
        58857.17870773148,
        58857.69006246528,
        58858.06769590278,
        58858.17580167824,
        58858.89219770833,
        58859.00353486111,
        58859.419200324075,
        58859.86125107639,
        58860.118245844904,
        58860.515749907405,
        58860.57299918981,
        58861.1726853125,
        58861.256682141204,
        58861.81384333333,
        58856.0,
        58856.23297658565,
        58856.554575625,
        58856.89704092593,
        58857.17870773148,
        58857.69006246528,
        58858.06769590278,
        58858.17580167824,
        58858.89219770833,
        58859.00353486111,
        58859.419200324075,
        58859.86125107639,
        58860.118245844904,
        58860.515749907405,
        58860.57299918981,
        58861.1726853125,
        58861.256682141204,
        58861.81384333333,
        58856.0,
        58856.23297658565,
        58856.554575625,
        58856.89704092593,
        58857.17870773148,
        58857.69006246528,
        58858.06769590278,
        58858.17580167824,
        58858.89219770833,
        58859.00353486111,
        58859.419200324075,
        58859.86125107639,
        58860.118245844904,
        58860.515749907405,
        58860.57299918981,
        58861.1726853125,
        58861.256682141204,
        58861.81384333333
    ],
    "magnitudes": {
        "ps1::r": [
            17.46403077910066,
            17.957481712187803,
            18.8289169377673,
            19.263042287288805,
            19.21247947505075,
            19.174304054058926,
            19.18270800126408,
            19.02148924681521,
            19.397776754439704,
            19.34120735137014,
            19.629891563076598,
            20.455301742094505,
            20.27535540807706,
            20.50844309601205,
            20.26992261834553,
            20.915513698765167,
            20.97806045075268,
            21.774829728083454
        ],
        "ps1::g": [
            17.953402727811277,
            18.589342381125615,
            18.610260450182313,
            19.235026075381356,
            19.059952710700355,
            19.368396414066574,
            19.565437479937415,
            19.651307488294524
        ],
        "ps1::z": [
            18.39832504253994,
            17.95666407883001,
            18.182454847509643,
            18.01110265386035,
            18.095274455966173,
            18.428378243512924,
            18.409363328169835,
            18.351467988656623,
            18.479889952948835,
            18.48929476284155,
            18.8438777522885,
            19.493800901818915,
            18.817295188800575,
            18.93108736027959,
            19.70330450609545,
            19.778875266409432,
            19.572089426566066,
            20.02771634731985
        ],
        "ps1::i": [
            17.70815972600472,
            17.59220650628556,
            18.357699628817826,
            18.13900147407868,
            18.5801831200147,
            19.06164387378148,
            18.884812800204998,
            19.129487972003876,
            19.095804680999812,
            18.926482017010947,
            19.395388446547067,
            19.477675868901798,
            19.496539004949526,
            19.847430073889722,
            20.11432488861444,
            20.223932464655476,
            20.27764151790422,
            20.37560817766041
        ],
        "ps1::y": [
            17.829505658778533,
            18.06351011036845,
            17.605457272062765,
            17.927449708142642,
            18.267887855138877,
            17.992922883261134,
            18.27880938848532,
            18.112633810888635,
            18.065700171116085,
            18.25994133125883,
            18.78656469253546,
            18.587725488032728,
            18.676972857612586,
            18.651632265419856,
            18.981574941671344,
            19.15787447586145,
            19.39057608341137,
            19.465591506842166
        ]
    },
    "parameters": {
        "log10_mej_dyn": -1.6517986292279006,
        "log10_mej_wind": -0.5711396740225534,
        "luminosity_distance": 108.90777288119212,
        "inclination_EM": 0.6280020246019105,
        "v_ej_dyn": 0.22101174192498682,
        "v_ej_wind": 0.06639700142932481,
        "Ye_dyn": 0.2853647702503824,
        "Ye_wind": 0.354429724939308,
        "redshift": 0.024136656959005635,
        "timeshift": 0
    }
}