{
    "times": [
        58855.0,
        58857.0,
        58859.0,
        58861.0,
        58855.0,
        58857.0,
        58859.0,
        58855.0,
        58857.0,
        58859.0,
        58861.0,
        58855.0,
        58857.0,
        58859.0,
        58861.0,
        58855.0,
        58857.0,
        58859.0,
        58861.0
    ],
    "magnitudes": {
        "ps1::r": [
            17.495473219996168,
            17.53340654140538,
            19.313570120506327,
            20.657852634525728
        ],
        "ps1::g": [
            17.131746475949097,
            17.507130556347622,
            20.603534653233773
        ],
        "ps1::z": [
            18.242608841314574,
            16.7580874328049,
            18.02904415821092,
            18.81913894857033
        ],
        "ps1::i": [
            17.656302615982657,
            17.261740966813434,
            18.587163329660882,
            19.904351563647044
        ],
        "ps1::y": [
            18.184403503310694,
            16.485398273773324,
            17.54036728461722,
            19.000824360379923
        ]
    },
    "parameters": {
        "log10_mej_dyn": -0.2898499398666133,
        "log10_mej_wind": -0.5554561450325647,
        "luminosity_distance": 115.11372788416513,
        "inclination_EM": 0.15747025248905322,
        "v_ej_dyn": 0.18700388775212945,
        "v_ej_wind": 0.11275969497940105,
        "Ye_dyn": 0.25481493981685877,
        "Ye_wind": 0.30464482966589523,
        "redshift": 0.02548661743249479,
        "timeshift": 0
    }
}