log10_mej_dyn,log10_mej_wind,luminosity_distance,mass_1,mass_2,zeta,inclination_EM,v_ej_dyn,v_ej_wind,Ye_dyn,Ye_wind
-0.2898499398666133,-0.5554561450325647,115.11372788416513,2.0051941142344543,1.9122946744748366,0.6440272337021673,0.15747025248905322,0.18700388775212945,0.11275969497940105,0.25481493981685877,0.30464482966589523
