log10_mej_dyn,log10_mej_wind,luminosity_distance,mass_1,mass_2,zeta,inclination_EM,v_ej_dyn,v_ej_wind,Ye_dyn,Ye_wind,KNphi,log10_Xlan,log10_vej
-1.6517986292279006,-0.5711396740225534,108.90777288119212,1.6287524927512784,1.060105968917245,0.6786145964467304,0.6280020246019105,0.22101174192498682,0.06639700142932481,0.2853647702503824,0.354429724939308,41.41666001929582,-8.692843116048381,-1.0611213047232488
